user_id,hidden_type
1,light
2,netflix_heavy
3,whatsapp_heavy
4,remote_worker
5,remote_worker
6,youtube_family
7,light
8,whatsapp_heavy
9,tiktok_instagram
10,light
11,ai_heavy
12,general
13,netflix_heavy
14,netflix_heavy
15,netflix_heavy
16,netflix_heavy
17,ai_heavy
18,heavy_streamer
19,youtube_family
20,remote_worker
21,ai_heavy
22,gamer
23,heavy_streamer
24,general
25,netflix_heavy
26,whatsapp_heavy
27,remote_worker
28,youtube_family
29,ai_heavy
30,remote_worker
31,remote_worker
32,tiktok_instagram
33,light
34,ai_heavy
35,youtube_family
36,light
37,youtube_family
38,youtube_family
39,tiktok_instagram
40,whatsapp_heavy
41,heavy_streamer
42,netflix_heavy
43,netflix_heavy
44,gamer
45,light
46,general
47,remote_worker
48,youtube_family
49,whatsapp_heavy
50,netflix_heavy
51,netflix_heavy
52,heavy_streamer
53,gamer
54,remote_worker
55,remote_worker
56,light
57,ai_heavy
58,heavy_streamer
59,netflix_heavy
60,whatsapp_heavy
61,general
62,netflix_heavy
63,gamer
64,general
65,remote_worker
66,gamer
67,general
68,gamer
69,light
70,remote_worker
71,netflix_heavy
72,heavy_streamer
73,remote_worker
74,heavy_streamer
75,whatsapp_heavy
76,remote_worker
77,gamer
78,tiktok_instagram
79,ai_heavy
80,whatsapp_heavy
81,general
82,remote_worker
83,heavy_streamer
84,youtube_family
85,whatsapp_heavy
86,netflix_heavy
87,light
88,gamer
89,netflix_heavy
90,youtube_family
91,remote_worker
92,youtube_family
93,youtube_family
94,gamer
95,youtube_family
96,tiktok_instagram
97,tiktok_instagram
98,whatsapp_heavy
99,whatsapp_heavy
100,heavy_streamer
101,youtube_family
102,heavy_streamer
103,youtube_family
104,light
105,netflix_heavy
106,netflix_heavy
107,netflix_heavy
108,whatsapp_heavy
109,remote_worker
110,netflix_heavy
111,tiktok_instagram
112,netflix_heavy
113,ai_heavy
114,remote_worker
115,ai_heavy
116,ai_heavy
117,light
118,heavy_streamer
119,tiktok_instagram
120,heavy_streamer
121,remote_worker
122,whatsapp_heavy
123,whatsapp_heavy
124,remote_worker
125,youtube_family
126,ai_heavy
127,light
128,netflix_heavy
129,ai_heavy
130,whatsapp_heavy
131,ai_heavy
132,ai_heavy
133,light
134,ai_heavy
135,netflix_heavy
136,gamer
137,whatsapp_heavy
138,light
139,gamer
140,remote_worker
141,general
142,tiktok_instagram
143,tiktok_instagram
144,remote_worker
145,general
146,youtube_family
147,light
148,tiktok_instagram
149,youtube_family
150,light
151,youtube_family
152,tiktok_instagram
153,general
154,tiktok_instagram
155,remote_worker
156,whatsapp_heavy
157,heavy_streamer
158,ai_heavy
159,ai_heavy
160,netflix_heavy
161,general
162,whatsapp_heavy
163,remote_worker
164,remote_worker
165,remote_worker
166,youtube_family
167,gamer
168,heavy_streamer
169,gamer
170,light
171,heavy_streamer
172,light
173,netflix_heavy
174,netflix_heavy
175,whatsapp_heavy
176,remote_worker
177,netflix_heavy
178,heavy_streamer
179,general
180,ai_heavy
181,general
182,heavy_streamer
183,remote_worker
184,whatsapp_heavy
185,remote_worker
186,remote_worker
187,heavy_streamer
188,gamer
189,tiktok_instagram
190,gamer
191,whatsapp_heavy
192,whatsapp_heavy
193,whatsapp_heavy
194,gamer
195,general
196,light
197,gamer
198,heavy_streamer
199,gamer
200,general
201,gamer
202,general
203,remote_worker
204,whatsapp_heavy
205,remote_worker
206,tiktok_instagram
207,netflix_heavy
208,general
209,tiktok_instagram
210,netflix_heavy
211,tiktok_instagram
212,netflix_heavy
213,netflix_heavy
214,remote_worker
215,netflix_heavy
216,tiktok_instagram
217,light
218,light
219,remote_worker
220,general
221,heavy_streamer
222,remote_worker
223,netflix_heavy
224,tiktok_instagram
225,netflix_heavy
226,gamer
227,youtube_family
228,ai_heavy
229,ai_heavy
230,heavy_streamer
231,remote_worker
232,youtube_family
233,light
234,netflix_heavy
235,remote_worker
236,netflix_heavy
237,whatsapp_heavy
238,remote_worker
239,gamer
240,whatsapp_heavy
241,heavy_streamer
242,ai_heavy
243,light
244,whatsapp_heavy
245,whatsapp_heavy
246,light
247,netflix_heavy
248,remote_worker
249,netflix_heavy
250,light
251,heavy_streamer
252,remote_worker
253,heavy_streamer
254,gamer
255,whatsapp_heavy
256,heavy_streamer
257,whatsapp_heavy
258,heavy_streamer
259,heavy_streamer
260,ai_heavy
261,netflix_heavy
262,heavy_streamer
263,tiktok_instagram
264,general
265,general
266,ai_heavy
267,remote_worker
268,gamer
269,whatsapp_heavy
270,ai_heavy
271,tiktok_instagram
272,light
273,heavy_streamer
274,general
275,remote_worker
276,remote_worker
277,remote_worker
278,netflix_heavy
279,light
280,light
281,tiktok_instagram
282,remote_worker
283,whatsapp_heavy
284,remote_worker
285,remote_worker
286,general
287,heavy_streamer
288,ai_heavy
289,ai_heavy
290,remote_worker
291,youtube_family
292,tiktok_instagram
293,general
294,gamer
295,ai_heavy
296,ai_heavy
297,youtube_family
298,remote_worker
299,tiktok_instagram
300,light
301,gamer
302,youtube_family
303,light
304,youtube_family
305,ai_heavy
306,heavy_streamer
307,gamer
308,ai_heavy
309,gamer
310,heavy_streamer
311,whatsapp_heavy
312,whatsapp_heavy
313,heavy_streamer
314,tiktok_instagram
315,tiktok_instagram
316,whatsapp_heavy
317,netflix_heavy
318,netflix_heavy
319,general
320,netflix_heavy
321,gamer
322,heavy_streamer
323,whatsapp_heavy
324,general
325,general
326,tiktok_instagram
327,tiktok_instagram
328,light
329,heavy_streamer
330,ai_heavy
331,ai_heavy
332,gamer
333,gamer
334,youtube_family
335,remote_worker
336,youtube_family
337,general
338,gamer
339,tiktok_instagram
340,general
341,whatsapp_heavy
342,tiktok_instagram
343,whatsapp_heavy
344,ai_heavy
345,general
346,tiktok_instagram
347,general
348,general
349,heavy_streamer
350,heavy_streamer
351,ai_heavy
352,light
353,tiktok_instagram
354,remote_worker
355,general
356,general
357,heavy_streamer
358,youtube_family
359,light
360,netflix_heavy
361,youtube_family
362,youtube_family
363,tiktok_instagram
364,youtube_family
365,heavy_streamer
366,ai_heavy
367,remote_worker
368,gamer
369,light
370,netflix_heavy
371,gamer
372,whatsapp_heavy
373,remote_worker
374,gamer
375,youtube_family
376,light
377,netflix_heavy
378,netflix_heavy
379,gamer
380,tiktok_instagram
381,light
382,general
383,general
384,tiktok_instagram
385,light
386,heavy_streamer
387,light
388,youtube_family
389,youtube_family
390,heavy_streamer
391,netflix_heavy
392,heavy_streamer
393,gamer
394,ai_heavy
395,netflix_heavy
396,youtube_family
397,light
398,heavy_streamer
399,tiktok_instagram
400,gamer
401,general
402,netflix_heavy
403,gamer
404,general
405,remote_worker
406,ai_heavy
407,remote_worker
408,heavy_streamer
409,general
410,light
411,heavy_streamer
412,tiktok_instagram
413,tiktok_instagram
414,heavy_streamer
415,light
416,whatsapp_heavy
417,general
418,heavy_streamer
419,tiktok_instagram
420,ai_heavy
421,general
422,whatsapp_heavy
423,netflix_heavy
424,ai_heavy
425,remote_worker
426,heavy_streamer
427,youtube_family
428,youtube_family
429,light
430,netflix_heavy
431,light
432,netflix_heavy
433,youtube_family
434,heavy_streamer
435,remote_worker
436,heavy_streamer
437,ai_heavy
438,general
439,light
440,gamer
441,general
442,gamer
443,heavy_streamer
444,remote_worker
445,ai_heavy
446,whatsapp_heavy
447,gamer
448,general
449,ai_heavy
450,tiktok_instagram
451,general
452,general
453,remote_worker
454,light
455,ai_heavy
456,ai_heavy
457,heavy_streamer
458,whatsapp_heavy
459,youtube_family
460,heavy_streamer
461,netflix_heavy
462,heavy_streamer
463,netflix_heavy
464,remote_worker
465,light
466,general
467,heavy_streamer
468,ai_heavy
469,heavy_streamer
470,general
471,netflix_heavy
472,youtube_family
473,remote_worker
474,remote_worker
475,whatsapp_heavy
476,netflix_heavy
477,youtube_family
478,light
479,whatsapp_heavy
480,heavy_streamer
481,tiktok_instagram
482,youtube_family
483,tiktok_instagram
484,netflix_heavy
485,remote_worker
486,tiktok_instagram
487,gamer
488,ai_heavy
489,netflix_heavy
490,whatsapp_heavy
491,general
492,youtube_family
493,netflix_heavy
494,whatsapp_heavy
495,tiktok_instagram
496,remote_worker
497,heavy_streamer
498,gamer
499,general
500,remote_worker
501,heavy_streamer
502,whatsapp_heavy
503,general
504,youtube_family
505,tiktok_instagram
506,remote_worker
507,ai_heavy
508,tiktok_instagram
509,tiktok_instagram
510,tiktok_instagram
511,general
512,netflix_heavy
513,youtube_family
514,youtube_family
515,general
516,heavy_streamer
517,youtube_family
518,light
519,remote_worker
520,ai_heavy
521,gamer
522,heavy_streamer
523,heavy_streamer
524,youtube_family
525,gamer
526,gamer
527,general
528,heavy_streamer
529,general
530,general
531,ai_heavy
532,heavy_streamer
533,heavy_streamer
534,tiktok_instagram
535,ai_heavy
536,heavy_streamer
537,remote_worker
538,heavy_streamer
539,ai_heavy
540,light
541,netflix_heavy
542,light
543,heavy_streamer
544,heavy_streamer
545,youtube_family
546,light
547,remote_worker
548,ai_heavy
549,ai_heavy
550,whatsapp_heavy
551,youtube_family
552,gamer
553,youtube_family
554,gamer
555,general
556,ai_heavy
557,netflix_heavy
558,youtube_family
559,netflix_heavy
560,youtube_family
561,ai_heavy
562,light
563,remote_worker
564,heavy_streamer
565,youtube_family
566,tiktok_instagram
567,tiktok_instagram
568,tiktok_instagram
569,whatsapp_heavy
570,ai_heavy
571,general
572,remote_worker
573,tiktok_instagram
574,light
575,light
576,gamer
577,general
578,ai_heavy
579,youtube_family
580,heavy_streamer
581,light
582,youtube_family
583,heavy_streamer
584,light
585,remote_worker
586,general
587,whatsapp_heavy
588,light
589,youtube_family
590,youtube_family
591,youtube_family
592,general
593,tiktok_instagram
594,general
595,gamer
596,youtube_family
597,ai_heavy
598,netflix_heavy
599,whatsapp_heavy
600,whatsapp_heavy
601,whatsapp_heavy
602,netflix_heavy
603,netflix_heavy
604,heavy_streamer
605,youtube_family
606,ai_heavy
607,gamer
608,ai_heavy
609,general
610,youtube_family
611,youtube_family
612,remote_worker
613,netflix_heavy
614,gamer
615,whatsapp_heavy
616,whatsapp_heavy
617,tiktok_instagram
618,tiktok_instagram
619,light
620,heavy_streamer
621,remote_worker
622,remote_worker
623,heavy_streamer
624,remote_worker
625,whatsapp_heavy
626,tiktok_instagram
627,gamer
628,gamer
629,ai_heavy
630,gamer
631,netflix_heavy
632,gamer
633,remote_worker
634,gamer
635,heavy_streamer
636,whatsapp_heavy
637,tiktok_instagram
638,tiktok_instagram
639,netflix_heavy
640,general
641,whatsapp_heavy
642,general
643,youtube_family
644,remote_worker
645,netflix_heavy
646,gamer
647,remote_worker
648,ai_heavy
649,general
650,youtube_family
651,remote_worker
652,whatsapp_heavy
653,tiktok_instagram
654,youtube_family
655,ai_heavy
656,ai_heavy
657,netflix_heavy
658,whatsapp_heavy
659,light
660,tiktok_instagram
661,heavy_streamer
662,netflix_heavy
663,light
664,tiktok_instagram
665,ai_heavy
666,whatsapp_heavy
667,ai_heavy
668,youtube_family
669,general
670,heavy_streamer
671,general
672,whatsapp_heavy
673,whatsapp_heavy
674,light
675,whatsapp_heavy
676,netflix_heavy
677,ai_heavy
678,light
679,ai_heavy
680,general
681,netflix_heavy
682,heavy_streamer
683,general
684,general
685,heavy_streamer
686,youtube_family
687,remote_worker
688,ai_heavy
689,remote_worker
690,netflix_heavy
691,general
692,netflix_heavy
693,general
694,general
695,light
696,tiktok_instagram
697,netflix_heavy
698,ai_heavy
699,light
700,light
701,ai_heavy
702,whatsapp_heavy
703,heavy_streamer
704,heavy_streamer
705,heavy_streamer
706,ai_heavy
707,light
708,ai_heavy
709,remote_worker
710,remote_worker
711,whatsapp_heavy
712,ai_heavy
713,netflix_heavy
714,netflix_heavy
715,general
716,netflix_heavy
717,ai_heavy
718,remote_worker
719,tiktok_instagram
720,ai_heavy
721,heavy_streamer
722,general
723,youtube_family
724,heavy_streamer
725,netflix_heavy
726,heavy_streamer
727,netflix_heavy
728,light
729,remote_worker
730,whatsapp_heavy
731,netflix_heavy
732,remote_worker
733,general
734,netflix_heavy
735,tiktok_instagram
736,whatsapp_heavy
737,netflix_heavy
738,gamer
739,netflix_heavy
740,youtube_family
741,youtube_family
742,netflix_heavy
743,whatsapp_heavy
744,tiktok_instagram
745,netflix_heavy
746,gamer
747,ai_heavy
748,gamer
749,gamer
750,heavy_streamer
751,general
752,heavy_streamer
753,light
754,general
755,ai_heavy
756,remote_worker
757,netflix_heavy
758,gamer
759,heavy_streamer
760,netflix_heavy
761,heavy_streamer
762,ai_heavy
763,general
764,general
765,gamer
766,netflix_heavy
767,whatsapp_heavy
768,remote_worker
769,heavy_streamer
770,gamer
771,whatsapp_heavy
772,general
773,light
774,netflix_heavy
775,youtube_family
776,general
777,remote_worker
778,heavy_streamer
779,tiktok_instagram
780,youtube_family
781,youtube_family
782,whatsapp_heavy
783,heavy_streamer
784,heavy_streamer
785,remote_worker
786,ai_heavy
787,light
788,whatsapp_heavy
789,ai_heavy
790,light
791,light
792,remote_worker
793,netflix_heavy
794,youtube_family
795,remote_worker
796,tiktok_instagram
797,general
798,remote_worker
799,gamer
800,remote_worker
801,light
802,gamer
803,ai_heavy
804,general
805,netflix_heavy
806,netflix_heavy
807,ai_heavy
808,heavy_streamer
809,gamer
810,general
811,light
812,youtube_family
813,whatsapp_heavy
814,tiktok_instagram
815,netflix_heavy
816,youtube_family
817,light
818,heavy_streamer
819,whatsapp_heavy
820,general
821,light
822,whatsapp_heavy
823,heavy_streamer
824,whatsapp_heavy
825,whatsapp_heavy
826,light
827,whatsapp_heavy
828,youtube_family
829,youtube_family
830,light
831,tiktok_instagram
832,tiktok_instagram
833,remote_worker
834,heavy_streamer
835,youtube_family
836,netflix_heavy
837,youtube_family
838,heavy_streamer
839,light
840,general
841,tiktok_instagram
842,whatsapp_heavy
843,general
844,light
845,light
846,light
847,heavy_streamer
848,light
849,youtube_family
850,whatsapp_heavy
851,general
852,youtube_family
853,general
854,tiktok_instagram
855,tiktok_instagram
856,youtube_family
857,tiktok_instagram
858,light
859,whatsapp_heavy
860,youtube_family
861,general
862,general
863,heavy_streamer
864,netflix_heavy
865,youtube_family
866,whatsapp_heavy
867,youtube_family
868,youtube_family
869,remote_worker
870,light
871,remote_worker
872,tiktok_instagram
873,heavy_streamer
874,heavy_streamer
875,whatsapp_heavy
876,ai_heavy
877,ai_heavy
878,netflix_heavy
879,ai_heavy
880,whatsapp_heavy
881,light
882,youtube_family
883,remote_worker
884,heavy_streamer
885,youtube_family
886,netflix_heavy
887,light
888,heavy_streamer
889,light
890,tiktok_instagram
891,light
892,netflix_heavy
893,ai_heavy
894,general
895,netflix_heavy
896,whatsapp_heavy
897,ai_heavy
898,light
899,light
900,whatsapp_heavy
901,light
902,light
903,tiktok_instagram
904,youtube_family
905,remote_worker
906,netflix_heavy
907,remote_worker
908,heavy_streamer
909,gamer
910,light
911,netflix_heavy
912,heavy_streamer
913,gamer
914,general
915,ai_heavy
916,remote_worker
917,ai_heavy
918,netflix_heavy
919,tiktok_instagram
920,whatsapp_heavy
921,youtube_family
922,ai_heavy
923,remote_worker
924,heavy_streamer
925,tiktok_instagram
926,general
927,ai_heavy
928,gamer
929,remote_worker
930,ai_heavy
931,ai_heavy
932,whatsapp_heavy
933,tiktok_instagram
934,whatsapp_heavy
935,remote_worker
936,general
937,heavy_streamer
938,heavy_streamer
939,remote_worker
940,ai_heavy
941,whatsapp_heavy
942,remote_worker
943,general
944,remote_worker
945,heavy_streamer
946,heavy_streamer
947,general
948,heavy_streamer
949,general
950,tiktok_instagram
951,light
952,gamer
953,whatsapp_heavy
954,remote_worker
955,netflix_heavy
956,whatsapp_heavy
957,remote_worker
958,whatsapp_heavy
959,general
960,remote_worker
961,heavy_streamer
962,remote_worker
963,youtube_family
964,tiktok_instagram
965,general
966,ai_heavy
967,whatsapp_heavy
968,gamer
969,general
970,light
971,tiktok_instagram
972,remote_worker
973,remote_worker
974,remote_worker
975,heavy_streamer
976,tiktok_instagram
977,light
978,ai_heavy
979,gamer
980,ai_heavy
981,ai_heavy
982,netflix_heavy
983,ai_heavy
984,whatsapp_heavy
985,ai_heavy
986,whatsapp_heavy
987,whatsapp_heavy
988,gamer
989,tiktok_instagram
990,netflix_heavy
991,gamer
992,ai_heavy
993,heavy_streamer
994,remote_worker
995,ai_heavy
996,whatsapp_heavy
997,ai_heavy
998,gamer
999,general
1000,ai_heavy
1001,youtube_family
1002,netflix_heavy
1003,ai_heavy
1004,youtube_family
1005,heavy_streamer
1006,general
1007,youtube_family
1008,ai_heavy
1009,netflix_heavy
1010,ai_heavy
1011,tiktok_instagram
1012,netflix_heavy
1013,tiktok_instagram
1014,gamer
1015,ai_heavy
1016,youtube_family
1017,gamer
1018,remote_worker
1019,light
1020,heavy_streamer
1021,light
1022,light
1023,youtube_family
1024,youtube_family
1025,youtube_family
1026,light
1027,light
1028,tiktok_instagram
1029,ai_heavy
1030,gamer
1031,remote_worker
1032,heavy_streamer
1033,netflix_heavy
1034,gamer
1035,light
1036,netflix_heavy
1037,general
1038,light
1039,remote_worker
1040,youtube_family
1041,netflix_heavy
1042,youtube_family
1043,remote_worker
1044,gamer
1045,netflix_heavy
1046,heavy_streamer
1047,tiktok_instagram
1048,whatsapp_heavy
1049,whatsapp_heavy
1050,heavy_streamer
1051,ai_heavy
1052,gamer
1053,ai_heavy
1054,general
1055,light
1056,general
1057,remote_worker
1058,netflix_heavy
1059,remote_worker
1060,gamer
1061,netflix_heavy
1062,whatsapp_heavy
1063,heavy_streamer
1064,netflix_heavy
1065,netflix_heavy
1066,gamer
1067,general
1068,whatsapp_heavy
1069,gamer
1070,light
1071,whatsapp_heavy
1072,tiktok_instagram
1073,netflix_heavy
1074,ai_heavy
1075,remote_worker
1076,heavy_streamer
1077,netflix_heavy
1078,heavy_streamer
1079,remote_worker
1080,youtube_family
1081,general
1082,general
1083,general
1084,ai_heavy
1085,tiktok_instagram
1086,youtube_family
1087,youtube_family
1088,general
1089,whatsapp_heavy
1090,heavy_streamer
1091,ai_heavy
1092,remote_worker
1093,youtube_family
1094,gamer
1095,gamer
1096,light
1097,youtube_family
1098,netflix_heavy
1099,light
1100,remote_worker
1101,remote_worker
1102,remote_worker
1103,general
1104,heavy_streamer
1105,gamer
1106,heavy_streamer
1107,tiktok_instagram
1108,general
1109,general
1110,light
1111,whatsapp_heavy
1112,tiktok_instagram
1113,heavy_streamer
1114,tiktok_instagram
1115,heavy_streamer
1116,remote_worker
1117,general
1118,ai_heavy
1119,netflix_heavy
1120,remote_worker
1121,light
1122,light
1123,tiktok_instagram
1124,tiktok_instagram
1125,youtube_family
1126,youtube_family
1127,youtube_family
1128,whatsapp_heavy
1129,ai_heavy
1130,whatsapp_heavy
1131,remote_worker
1132,whatsapp_heavy
1133,netflix_heavy
1134,netflix_heavy
1135,whatsapp_heavy
1136,light
1137,netflix_heavy
1138,gamer
1139,netflix_heavy
1140,ai_heavy
1141,youtube_family
1142,gamer
1143,general
1144,youtube_family
1145,gamer
1146,remote_worker
1147,ai_heavy
1148,netflix_heavy
1149,whatsapp_heavy
1150,youtube_family
1151,gamer
1152,ai_heavy
1153,remote_worker
1154,general
1155,gamer
1156,ai_heavy
1157,heavy_streamer
1158,youtube_family
1159,gamer
1160,gamer
1161,ai_heavy
1162,remote_worker
1163,youtube_family
1164,ai_heavy
1165,ai_heavy
1166,heavy_streamer
1167,light
1168,gamer
1169,general
1170,general
1171,whatsapp_heavy
1172,whatsapp_heavy
1173,gamer
1174,heavy_streamer
1175,light
1176,gamer
1177,gamer
1178,heavy_streamer
1179,tiktok_instagram
1180,light
1181,whatsapp_heavy
1182,general
1183,whatsapp_heavy
1184,remote_worker
1185,remote_worker
1186,gamer
1187,heavy_streamer
1188,ai_heavy
1189,ai_heavy
1190,light
1191,remote_worker
1192,tiktok_instagram
1193,heavy_streamer
1194,netflix_heavy
1195,ai_heavy
1196,whatsapp_heavy
1197,netflix_heavy
1198,general
1199,youtube_family
1200,whatsapp_heavy
1201,youtube_family
1202,remote_worker
1203,general
1204,netflix_heavy
1205,whatsapp_heavy
1206,general
1207,ai_heavy
1208,netflix_heavy
1209,tiktok_instagram
1210,general
1211,whatsapp_heavy
1212,netflix_heavy
1213,remote_worker
1214,youtube_family
1215,light
1216,heavy_streamer
1217,ai_heavy
1218,netflix_heavy
1219,youtube_family
1220,remote_worker
1221,whatsapp_heavy
1222,ai_heavy
1223,general
1224,whatsapp_heavy
1225,remote_worker
1226,general
1227,heavy_streamer
1228,general
1229,heavy_streamer
1230,tiktok_instagram
1231,youtube_family
1232,netflix_heavy
1233,general
1234,netflix_heavy
1235,whatsapp_heavy
1236,gamer
1237,light
1238,heavy_streamer
1239,tiktok_instagram
1240,light
1241,ai_heavy
1242,netflix_heavy
1243,general
1244,remote_worker
1245,youtube_family
1246,general
1247,youtube_family
1248,remote_worker
1249,gamer
1250,general
1251,tiktok_instagram
1252,remote_worker
1253,light
1254,netflix_heavy
1255,whatsapp_heavy
1256,light
1257,tiktok_instagram
1258,ai_heavy
1259,ai_heavy
1260,youtube_family
1261,tiktok_instagram
1262,general
1263,remote_worker
1264,youtube_family
1265,tiktok_instagram
1266,light
1267,light
1268,gamer
1269,general
1270,light
1271,gamer
1272,heavy_streamer
1273,general
1274,whatsapp_heavy
1275,netflix_heavy
1276,netflix_heavy
1277,whatsapp_heavy
1278,netflix_heavy
1279,light
1280,youtube_family
1281,netflix_heavy
1282,netflix_heavy
1283,gamer
1284,youtube_family
1285,gamer
1286,light
1287,general
1288,tiktok_instagram
1289,heavy_streamer
1290,whatsapp_heavy
1291,tiktok_instagram
1292,youtube_family
1293,remote_worker
1294,light
1295,general
1296,ai_heavy
1297,tiktok_instagram
1298,whatsapp_heavy
1299,ai_heavy
1300,light
1301,netflix_heavy
1302,remote_worker
1303,whatsapp_heavy
1304,youtube_family
1305,whatsapp_heavy
1306,whatsapp_heavy
1307,tiktok_instagram
1308,tiktok_instagram
1309,remote_worker
1310,youtube_family
1311,ai_heavy
1312,gamer
1313,netflix_heavy
1314,youtube_family
1315,general
1316,tiktok_instagram
1317,netflix_heavy
1318,ai_heavy
1319,remote_worker
1320,gamer
1321,heavy_streamer
1322,tiktok_instagram
1323,ai_heavy
1324,youtube_family
1325,youtube_family
1326,heavy_streamer
1327,whatsapp_heavy
1328,light
1329,whatsapp_heavy
1330,gamer
1331,remote_worker
1332,netflix_heavy
1333,remote_worker
1334,youtube_family
1335,ai_heavy
1336,general
1337,whatsapp_heavy
1338,tiktok_instagram
1339,netflix_heavy
1340,remote_worker
1341,ai_heavy
1342,heavy_streamer
1343,heavy_streamer
1344,ai_heavy
1345,heavy_streamer
1346,general
1347,youtube_family
1348,netflix_heavy
1349,netflix_heavy
1350,ai_heavy
1351,light
1352,gamer
1353,remote_worker
1354,general
1355,tiktok_instagram
1356,remote_worker
1357,gamer
1358,heavy_streamer
1359,heavy_streamer
1360,gamer
1361,light
1362,light
1363,gamer
1364,tiktok_instagram
1365,ai_heavy
1366,light
1367,gamer
1368,remote_worker
1369,general
1370,whatsapp_heavy
1371,youtube_family
1372,gamer
1373,remote_worker
1374,remote_worker
1375,youtube_family
1376,general
1377,general
1378,netflix_heavy
1379,ai_heavy
1380,ai_heavy
1381,general
1382,tiktok_instagram
1383,gamer
1384,youtube_family
1385,gamer
1386,tiktok_instagram
1387,ai_heavy
1388,gamer
1389,youtube_family
1390,general
1391,gamer
1392,ai_heavy
1393,general
1394,netflix_heavy
1395,tiktok_instagram
1396,ai_heavy
1397,whatsapp_heavy
1398,whatsapp_heavy
1399,light
1400,tiktok_instagram
1401,youtube_family
1402,tiktok_instagram
1403,tiktok_instagram
1404,gamer
1405,heavy_streamer
1406,heavy_streamer
1407,gamer
1408,youtube_family
1409,light
1410,tiktok_instagram
1411,light
1412,ai_heavy
1413,tiktok_instagram
1414,netflix_heavy
1415,ai_heavy
1416,netflix_heavy
1417,whatsapp_heavy
1418,remote_worker
1419,youtube_family
1420,remote_worker
1421,general
1422,general
1423,ai_heavy
1424,whatsapp_heavy
1425,tiktok_instagram
1426,youtube_family
1427,whatsapp_heavy
1428,general
1429,tiktok_instagram
1430,netflix_heavy
1431,remote_worker
1432,heavy_streamer
1433,heavy_streamer
1434,ai_heavy
1435,gamer
1436,heavy_streamer
1437,remote_worker
1438,whatsapp_heavy
1439,gamer
1440,general
1441,netflix_heavy
1442,ai_heavy
1443,general
1444,remote_worker
1445,heavy_streamer
1446,light
1447,general
1448,general
1449,netflix_heavy
1450,heavy_streamer
1451,tiktok_instagram
1452,light
1453,light
1454,tiktok_instagram
1455,ai_heavy
1456,light
1457,general
1458,remote_worker
1459,tiktok_instagram
1460,ai_heavy
1461,netflix_heavy
1462,gamer
1463,light
1464,light
1465,youtube_family
1466,heavy_streamer
1467,whatsapp_heavy
1468,gamer
1469,netflix_heavy
1470,light
1471,youtube_family
1472,whatsapp_heavy
1473,remote_worker
1474,tiktok_instagram
1475,general
1476,gamer
1477,remote_worker
1478,gamer
1479,tiktok_instagram
1480,remote_worker
1481,heavy_streamer
1482,light
1483,tiktok_instagram
1484,heavy_streamer
1485,remote_worker
1486,youtube_family
1487,heavy_streamer
1488,light
1489,heavy_streamer
1490,ai_heavy
1491,tiktok_instagram
1492,remote_worker
1493,light
1494,gamer
1495,remote_worker
1496,remote_worker
1497,ai_heavy
1498,netflix_heavy
1499,remote_worker
1500,youtube_family
1501,ai_heavy
1502,tiktok_instagram
1503,tiktok_instagram
1504,gamer
1505,ai_heavy
1506,tiktok_instagram
1507,general
1508,remote_worker
1509,youtube_family
1510,whatsapp_heavy
1511,gamer
1512,tiktok_instagram
1513,netflix_heavy
1514,gamer
1515,tiktok_instagram
1516,general
1517,remote_worker
1518,light
1519,remote_worker
1520,remote_worker
1521,youtube_family
1522,netflix_heavy
1523,heavy_streamer
1524,heavy_streamer
1525,whatsapp_heavy
1526,light
1527,gamer
1528,heavy_streamer
1529,light
1530,general
1531,light
1532,light
1533,general
1534,heavy_streamer
1535,youtube_family
1536,light
1537,heavy_streamer
1538,heavy_streamer
1539,netflix_heavy
1540,whatsapp_heavy
1541,remote_worker
1542,tiktok_instagram
1543,light
1544,ai_heavy
1545,tiktok_instagram
1546,ai_heavy
1547,whatsapp_heavy
1548,youtube_family
1549,remote_worker
1550,light
1551,tiktok_instagram
1552,youtube_family
1553,ai_heavy
1554,whatsapp_heavy
1555,remote_worker
1556,heavy_streamer
1557,youtube_family
1558,netflix_heavy
1559,general
1560,youtube_family
1561,tiktok_instagram
1562,tiktok_instagram
1563,tiktok_instagram
1564,general
1565,ai_heavy
1566,remote_worker
1567,general
1568,whatsapp_heavy
1569,general
1570,general
1571,light
1572,gamer
1573,netflix_heavy
1574,youtube_family
1575,heavy_streamer
1576,gamer
1577,ai_heavy
1578,netflix_heavy
1579,heavy_streamer
1580,whatsapp_heavy
1581,tiktok_instagram
1582,tiktok_instagram
1583,ai_heavy
1584,remote_worker
1585,whatsapp_heavy
1586,gamer
1587,youtube_family
1588,light
1589,youtube_family
1590,light
1591,netflix_heavy
1592,gamer
1593,gamer
1594,light
1595,netflix_heavy
1596,heavy_streamer
1597,whatsapp_heavy
1598,netflix_heavy
1599,youtube_family
1600,netflix_heavy
1601,gamer
1602,netflix_heavy
1603,youtube_family
1604,gamer
1605,heavy_streamer
1606,youtube_family
1607,heavy_streamer
1608,ai_heavy
1609,tiktok_instagram
1610,heavy_streamer
1611,netflix_heavy
1612,heavy_streamer
1613,whatsapp_heavy
1614,whatsapp_heavy
1615,light
1616,heavy_streamer
1617,netflix_heavy
1618,ai_heavy
1619,heavy_streamer
1620,general
1621,tiktok_instagram
1622,light
1623,general
1624,light
1625,ai_heavy
1626,general
1627,ai_heavy
1628,ai_heavy
1629,gamer
1630,heavy_streamer
1631,ai_heavy
1632,youtube_family
1633,light
1634,youtube_family
1635,remote_worker
1636,ai_heavy
1637,heavy_streamer
1638,whatsapp_heavy
1639,heavy_streamer
1640,tiktok_instagram
1641,netflix_heavy
1642,light
1643,remote_worker
1644,ai_heavy
1645,heavy_streamer
1646,tiktok_instagram
1647,gamer
1648,whatsapp_heavy
1649,general
1650,youtube_family
1651,heavy_streamer
1652,light
1653,light
1654,ai_heavy
1655,heavy_streamer
1656,tiktok_instagram
1657,youtube_family
1658,youtube_family
1659,youtube_family
1660,tiktok_instagram
1661,whatsapp_heavy
1662,whatsapp_heavy
1663,heavy_streamer
1664,ai_heavy
1665,ai_heavy
1666,gamer
1667,netflix_heavy
1668,whatsapp_heavy
1669,ai_heavy
1670,netflix_heavy
1671,netflix_heavy
1672,ai_heavy
1673,tiktok_instagram
1674,netflix_heavy
1675,netflix_heavy
1676,general
1677,heavy_streamer
1678,remote_worker
1679,general
1680,ai_heavy
1681,general
1682,light
1683,light
1684,netflix_heavy
1685,gamer
1686,ai_heavy
1687,remote_worker
1688,remote_worker
1689,general
1690,light
1691,netflix_heavy
1692,youtube_family
1693,whatsapp_heavy
1694,gamer
1695,heavy_streamer
1696,whatsapp_heavy
1697,remote_worker
1698,heavy_streamer
1699,gamer
1700,general
1701,tiktok_instagram
1702,heavy_streamer
1703,whatsapp_heavy
1704,heavy_streamer
1705,general
1706,youtube_family
1707,general
1708,general
1709,tiktok_instagram
1710,tiktok_instagram
1711,gamer
1712,remote_worker
1713,youtube_family
1714,netflix_heavy
1715,whatsapp_heavy
1716,youtube_family
1717,whatsapp_heavy
1718,gamer
1719,remote_worker
1720,ai_heavy
1721,light
1722,netflix_heavy
1723,whatsapp_heavy
1724,netflix_heavy
1725,ai_heavy
1726,netflix_heavy
1727,general
1728,ai_heavy
1729,remote_worker
1730,heavy_streamer
1731,netflix_heavy
1732,general
1733,whatsapp_heavy
1734,youtube_family
1735,youtube_family
1736,netflix_heavy
1737,ai_heavy
1738,light
1739,light
1740,tiktok_instagram
1741,remote_worker
1742,netflix_heavy
1743,remote_worker
1744,light
1745,tiktok_instagram
1746,general
1747,general
1748,gamer
1749,youtube_family
1750,netflix_heavy
1751,general
1752,youtube_family
1753,whatsapp_heavy
1754,gamer
1755,whatsapp_heavy
1756,gamer
1757,gamer
1758,whatsapp_heavy
1759,ai_heavy
1760,ai_heavy
1761,gamer
1762,remote_worker
1763,light
1764,whatsapp_heavy
1765,ai_heavy
1766,general
1767,ai_heavy
1768,remote_worker
1769,light
1770,heavy_streamer
1771,gamer
1772,gamer
1773,gamer
1774,gamer
1775,netflix_heavy
1776,heavy_streamer
1777,gamer
1778,heavy_streamer
1779,gamer
1780,whatsapp_heavy
1781,light
1782,gamer
1783,light
1784,general
1785,netflix_heavy
1786,tiktok_instagram
1787,heavy_streamer
1788,light
1789,remote_worker
1790,netflix_heavy
1791,ai_heavy
1792,youtube_family
1793,gamer
1794,tiktok_instagram
1795,remote_worker
1796,tiktok_instagram
1797,general
1798,heavy_streamer
1799,remote_worker
1800,ai_heavy
1801,light
1802,remote_worker
1803,remote_worker
1804,tiktok_instagram
1805,heavy_streamer
1806,light
1807,light
1808,remote_worker
1809,light
1810,general
1811,tiktok_instagram
1812,whatsapp_heavy
1813,whatsapp_heavy
1814,remote_worker
1815,youtube_family
1816,heavy_streamer
1817,tiktok_instagram
1818,tiktok_instagram
1819,heavy_streamer
1820,tiktok_instagram
1821,gamer
1822,netflix_heavy
1823,gamer
1824,youtube_family
1825,netflix_heavy
1826,general
1827,heavy_streamer
1828,general
1829,whatsapp_heavy
1830,general
1831,gamer
1832,general
1833,ai_heavy
1834,light
1835,remote_worker
1836,heavy_streamer
1837,general
1838,gamer
1839,tiktok_instagram
1840,ai_heavy
1841,remote_worker
1842,light
1843,youtube_family
1844,youtube_family
1845,netflix_heavy
1846,whatsapp_heavy
1847,remote_worker
1848,ai_heavy
1849,ai_heavy
1850,heavy_streamer
1851,light
1852,tiktok_instagram
1853,remote_worker
1854,heavy_streamer
1855,heavy_streamer
1856,youtube_family
1857,gamer
1858,ai_heavy
1859,ai_heavy
1860,netflix_heavy
1861,netflix_heavy
1862,tiktok_instagram
1863,youtube_family
1864,gamer
1865,youtube_family
1866,remote_worker
1867,heavy_streamer
1868,netflix_heavy
1869,light
1870,netflix_heavy
1871,light
1872,tiktok_instagram
1873,whatsapp_heavy
1874,general
1875,remote_worker
1876,heavy_streamer
1877,tiktok_instagram
1878,youtube_family
1879,netflix_heavy
1880,heavy_streamer
1881,gamer
1882,tiktok_instagram
1883,heavy_streamer
1884,youtube_family
1885,whatsapp_heavy
1886,heavy_streamer
1887,whatsapp_heavy
1888,remote_worker
1889,light
1890,remote_worker
1891,heavy_streamer
1892,tiktok_instagram
1893,youtube_family
1894,netflix_heavy
1895,heavy_streamer
1896,youtube_family
1897,ai_heavy
1898,youtube_family
1899,netflix_heavy
1900,gamer
1901,ai_heavy
1902,ai_heavy
1903,netflix_heavy
1904,tiktok_instagram
1905,gamer
1906,tiktok_instagram
1907,tiktok_instagram
1908,heavy_streamer
1909,light
1910,general
1911,light
1912,youtube_family
1913,light
1914,netflix_heavy
1915,gamer
1916,ai_heavy
1917,tiktok_instagram
1918,remote_worker
1919,remote_worker
1920,ai_heavy
1921,gamer
1922,ai_heavy
1923,youtube_family
1924,remote_worker
1925,gamer
1926,heavy_streamer
1927,gamer
1928,heavy_streamer
1929,heavy_streamer
1930,general
1931,light
1932,remote_worker
1933,youtube_family
1934,general
1935,heavy_streamer
1936,heavy_streamer
1937,gamer
1938,ai_heavy
1939,general
1940,tiktok_instagram
1941,heavy_streamer
1942,tiktok_instagram
1943,youtube_family
1944,light
1945,gamer
1946,heavy_streamer
1947,heavy_streamer
1948,general
1949,light
1950,gamer
1951,general
1952,whatsapp_heavy
1953,light
1954,remote_worker
1955,general
1956,remote_worker
1957,ai_heavy
1958,ai_heavy
1959,whatsapp_heavy
1960,heavy_streamer
1961,youtube_family
1962,general
1963,heavy_streamer
1964,youtube_family
1965,youtube_family
1966,netflix_heavy
1967,gamer
1968,remote_worker
1969,youtube_family
1970,heavy_streamer
1971,youtube_family
1972,general
1973,whatsapp_heavy
1974,gamer
1975,ai_heavy
1976,light
1977,general
1978,gamer
1979,light
1980,netflix_heavy
1981,whatsapp_heavy
1982,whatsapp_heavy
1983,light
1984,netflix_heavy
1985,whatsapp_heavy
1986,netflix_heavy
1987,youtube_family
1988,tiktok_instagram
1989,tiktok_instagram
1990,general
1991,ai_heavy
1992,remote_worker
1993,tiktok_instagram
1994,whatsapp_heavy
1995,netflix_heavy
1996,light
1997,ai_heavy
1998,general
1999,tiktok_instagram
2000,tiktok_instagram
2001,youtube_family
2002,light
2003,gamer
2004,remote_worker
2005,netflix_heavy
2006,heavy_streamer
2007,remote_worker
2008,heavy_streamer
2009,netflix_heavy
2010,whatsapp_heavy
2011,remote_worker
2012,gamer
2013,heavy_streamer
2014,general
2015,whatsapp_heavy
2016,gamer
2017,remote_worker
2018,netflix_heavy
2019,netflix_heavy
2020,remote_worker
2021,gamer
2022,whatsapp_heavy
2023,whatsapp_heavy
2024,ai_heavy
2025,light
2026,remote_worker
2027,whatsapp_heavy
2028,general
2029,ai_heavy
2030,gamer
2031,ai_heavy
2032,heavy_streamer
2033,light
2034,whatsapp_heavy
2035,general
2036,youtube_family
2037,ai_heavy
2038,light
2039,general
2040,remote_worker
2041,tiktok_instagram
2042,youtube_family
2043,netflix_heavy
2044,netflix_heavy
2045,tiktok_instagram
2046,general
2047,remote_worker
2048,ai_heavy
2049,netflix_heavy
2050,whatsapp_heavy
2051,heavy_streamer
2052,gamer
2053,gamer
2054,general
2055,netflix_heavy
2056,gamer
2057,netflix_heavy
2058,netflix_heavy
2059,gamer
2060,remote_worker
2061,youtube_family
2062,ai_heavy
2063,heavy_streamer
2064,netflix_heavy
2065,ai_heavy
2066,ai_heavy
2067,netflix_heavy
2068,general
2069,gamer
2070,remote_worker
2071,heavy_streamer
2072,whatsapp_heavy
2073,remote_worker
2074,gamer
2075,whatsapp_heavy
2076,remote_worker
2077,remote_worker
2078,remote_worker
2079,tiktok_instagram
2080,heavy_streamer
2081,youtube_family
2082,light
2083,gamer
2084,whatsapp_heavy
2085,heavy_streamer
2086,whatsapp_heavy
2087,netflix_heavy
2088,whatsapp_heavy
2089,gamer
2090,light
2091,youtube_family
2092,gamer
2093,youtube_family
2094,heavy_streamer
2095,heavy_streamer
2096,netflix_heavy
2097,general
2098,youtube_family
2099,netflix_heavy
2100,tiktok_instagram
2101,general
2102,whatsapp_heavy
2103,heavy_streamer
2104,heavy_streamer
2105,youtube_family
2106,tiktok_instagram
2107,netflix_heavy
2108,heavy_streamer
2109,tiktok_instagram
2110,tiktok_instagram
2111,tiktok_instagram
2112,whatsapp_heavy
2113,general
2114,general
2115,netflix_heavy
2116,tiktok_instagram
2117,general
2118,ai_heavy
2119,ai_heavy
2120,netflix_heavy
2121,netflix_heavy
2122,general
2123,ai_heavy
2124,whatsapp_heavy
2125,netflix_heavy
2126,tiktok_instagram
2127,gamer
2128,whatsapp_heavy
2129,light
2130,gamer
2131,netflix_heavy
2132,general
2133,ai_heavy
2134,gamer
2135,remote_worker
2136,whatsapp_heavy
2137,ai_heavy
2138,light
2139,ai_heavy
2140,remote_worker
2141,netflix_heavy
2142,youtube_family
2143,general
2144,whatsapp_heavy
2145,gamer
2146,remote_worker
2147,heavy_streamer
2148,general
2149,youtube_family
2150,youtube_family
2151,gamer
2152,gamer
2153,youtube_family
2154,ai_heavy
2155,netflix_heavy
2156,remote_worker
2157,remote_worker
2158,whatsapp_heavy
2159,youtube_family
2160,gamer
2161,youtube_family
2162,tiktok_instagram
2163,remote_worker
2164,general
2165,general
2166,general
2167,gamer
2168,youtube_family
2169,general
2170,general
2171,light
2172,netflix_heavy
2173,general
2174,netflix_heavy
2175,tiktok_instagram
2176,netflix_heavy
2177,heavy_streamer
2178,remote_worker
2179,whatsapp_heavy
2180,remote_worker
2181,whatsapp_heavy
2182,tiktok_instagram
2183,whatsapp_heavy
2184,whatsapp_heavy
2185,whatsapp_heavy
2186,tiktok_instagram
2187,gamer
2188,tiktok_instagram
2189,remote_worker
2190,ai_heavy
2191,gamer
2192,remote_worker
2193,tiktok_instagram
2194,tiktok_instagram
2195,whatsapp_heavy
2196,youtube_family
2197,tiktok_instagram
2198,youtube_family
2199,ai_heavy
2200,heavy_streamer
2201,gamer
2202,light
2203,light
2204,gamer
2205,remote_worker
2206,netflix_heavy
2207,heavy_streamer
2208,youtube_family
2209,tiktok_instagram
2210,heavy_streamer
2211,whatsapp_heavy
2212,netflix_heavy
2213,whatsapp_heavy
2214,heavy_streamer
2215,heavy_streamer
2216,gamer
2217,remote_worker
2218,general
2219,tiktok_instagram
2220,heavy_streamer
2221,general
2222,heavy_streamer
2223,light
2224,remote_worker
2225,remote_worker
2226,whatsapp_heavy
2227,youtube_family
2228,general
2229,tiktok_instagram
2230,general
2231,whatsapp_heavy
2232,light
2233,general
2234,heavy_streamer
2235,ai_heavy
2236,netflix_heavy
2237,tiktok_instagram
2238,tiktok_instagram
2239,remote_worker
2240,youtube_family
2241,tiktok_instagram
2242,whatsapp_heavy
2243,remote_worker
2244,heavy_streamer
2245,netflix_heavy
2246,youtube_family
2247,ai_heavy
2248,heavy_streamer
2249,heavy_streamer
2250,remote_worker
2251,ai_heavy
2252,ai_heavy
2253,tiktok_instagram
2254,ai_heavy
2255,tiktok_instagram
2256,whatsapp_heavy
2257,netflix_heavy
2258,whatsapp_heavy
2259,light
2260,general
2261,light
2262,general
2263,light
2264,ai_heavy
2265,heavy_streamer
2266,light
2267,whatsapp_heavy
2268,netflix_heavy
2269,heavy_streamer
2270,general
2271,gamer
2272,gamer
2273,tiktok_instagram
2274,remote_worker
2275,heavy_streamer
2276,remote_worker
2277,tiktok_instagram
2278,light
2279,gamer
2280,whatsapp_heavy
2281,netflix_heavy
2282,gamer
2283,gamer
2284,netflix_heavy
2285,whatsapp_heavy
2286,youtube_family
2287,general
2288,youtube_family
2289,general
2290,remote_worker
2291,gamer
2292,gamer
2293,tiktok_instagram
2294,netflix_heavy
2295,netflix_heavy
2296,youtube_family
2297,heavy_streamer
2298,remote_worker
2299,tiktok_instagram
2300,youtube_family
2301,tiktok_instagram
2302,heavy_streamer
2303,ai_heavy
2304,youtube_family
2305,general
2306,light
2307,gamer
2308,heavy_streamer
2309,gamer
2310,ai_heavy
2311,tiktok_instagram
2312,light
2313,ai_heavy
2314,light
2315,tiktok_instagram
2316,light
2317,light
2318,remote_worker
2319,youtube_family
2320,netflix_heavy
2321,light
2322,light
2323,gamer
2324,whatsapp_heavy
2325,netflix_heavy
2326,youtube_family
2327,gamer
2328,heavy_streamer
2329,light
2330,heavy_streamer
2331,light
2332,youtube_family
2333,tiktok_instagram
2334,youtube_family
2335,ai_heavy
2336,ai_heavy
2337,remote_worker
2338,youtube_family
2339,light
2340,light
2341,remote_worker
2342,gamer
2343,ai_heavy
2344,netflix_heavy
2345,ai_heavy
2346,tiktok_instagram
2347,gamer
2348,netflix_heavy
2349,tiktok_instagram
2350,ai_heavy
2351,ai_heavy
2352,netflix_heavy
2353,netflix_heavy
2354,remote_worker
2355,gamer
2356,gamer
2357,remote_worker
2358,tiktok_instagram
2359,whatsapp_heavy
2360,tiktok_instagram
2361,whatsapp_heavy
2362,netflix_heavy
2363,general
2364,heavy_streamer
2365,netflix_heavy
2366,light
2367,gamer
2368,heavy_streamer
2369,heavy_streamer
2370,heavy_streamer
2371,light
2372,youtube_family
2373,light
2374,gamer
2375,whatsapp_heavy
2376,general
2377,youtube_family
2378,heavy_streamer
2379,general
2380,whatsapp_heavy
2381,heavy_streamer
2382,remote_worker
2383,general
2384,gamer
2385,heavy_streamer
2386,youtube_family
2387,general
2388,general
2389,general
2390,youtube_family
2391,remote_worker
2392,heavy_streamer
2393,whatsapp_heavy
2394,tiktok_instagram
2395,remote_worker
2396,whatsapp_heavy
2397,general
2398,tiktok_instagram
2399,tiktok_instagram
2400,netflix_heavy
2401,light
2402,ai_heavy
2403,netflix_heavy
2404,ai_heavy
2405,gamer
2406,youtube_family
2407,gamer
2408,netflix_heavy
2409,remote_worker
2410,light
2411,ai_heavy
2412,light
2413,general
2414,whatsapp_heavy
2415,gamer
2416,remote_worker
2417,whatsapp_heavy
2418,tiktok_instagram
2419,tiktok_instagram
2420,remote_worker
2421,tiktok_instagram
2422,netflix_heavy
2423,heavy_streamer
2424,youtube_family
2425,gamer
2426,ai_heavy
2427,heavy_streamer
2428,gamer
2429,netflix_heavy
2430,tiktok_instagram
2431,heavy_streamer
2432,ai_heavy
2433,heavy_streamer
2434,gamer
2435,remote_worker
2436,ai_heavy
2437,whatsapp_heavy
2438,whatsapp_heavy
2439,youtube_family
2440,light
2441,gamer
2442,light
2443,light
2444,tiktok_instagram
2445,ai_heavy
2446,youtube_family
2447,netflix_heavy
2448,whatsapp_heavy
2449,netflix_heavy
2450,heavy_streamer
2451,youtube_family
2452,youtube_family
2453,light
2454,remote_worker
2455,youtube_family
2456,remote_worker
2457,youtube_family
2458,general
2459,remote_worker
2460,light
2461,gamer
2462,tiktok_instagram
2463,remote_worker
2464,ai_heavy
2465,remote_worker
2466,heavy_streamer
2467,gamer
2468,whatsapp_heavy
2469,light
2470,tiktok_instagram
2471,youtube_family
2472,light
2473,remote_worker
2474,tiktok_instagram
2475,heavy_streamer
2476,remote_worker
2477,ai_heavy
2478,heavy_streamer
2479,light
2480,heavy_streamer
2481,whatsapp_heavy
2482,youtube_family
2483,heavy_streamer
2484,gamer
2485,gamer
2486,gamer
2487,tiktok_instagram
2488,light
2489,ai_heavy
2490,gamer
2491,gamer
2492,tiktok_instagram
2493,general
2494,whatsapp_heavy
2495,remote_worker
2496,tiktok_instagram
2497,youtube_family
2498,youtube_family
2499,light
2500,general
2501,whatsapp_heavy
2502,light
2503,netflix_heavy
2504,heavy_streamer
2505,light
2506,heavy_streamer
2507,remote_worker
2508,whatsapp_heavy
2509,remote_worker
2510,heavy_streamer
2511,heavy_streamer
2512,youtube_family
2513,general
2514,netflix_heavy
2515,heavy_streamer
2516,youtube_family
2517,whatsapp_heavy
2518,ai_heavy
2519,heavy_streamer
2520,general
2521,remote_worker
2522,light
2523,tiktok_instagram
2524,remote_worker
2525,light
2526,gamer
2527,remote_worker
2528,general
2529,light
2530,ai_heavy
2531,general
2532,youtube_family
2533,general
2534,heavy_streamer
2535,youtube_family
2536,general
2537,gamer
2538,remote_worker
2539,ai_heavy
2540,remote_worker
2541,tiktok_instagram
2542,general
2543,general
2544,gamer
2545,youtube_family
2546,gamer
2547,netflix_heavy
2548,ai_heavy
2549,remote_worker
2550,heavy_streamer
2551,whatsapp_heavy
2552,gamer
2553,tiktok_instagram
2554,heavy_streamer
2555,general
2556,heavy_streamer
2557,netflix_heavy
2558,youtube_family
2559,light
2560,ai_heavy
2561,ai_heavy
2562,gamer
2563,whatsapp_heavy
2564,remote_worker
2565,remote_worker
2566,remote_worker
2567,youtube_family
2568,whatsapp_heavy
2569,gamer
2570,general
2571,youtube_family
2572,general
2573,netflix_heavy
2574,gamer
2575,netflix_heavy
2576,gamer
2577,tiktok_instagram
2578,remote_worker
2579,general
2580,ai_heavy
2581,gamer
2582,remote_worker
2583,tiktok_instagram
2584,whatsapp_heavy
2585,gamer
2586,ai_heavy
2587,gamer
2588,gamer
2589,general
2590,gamer
2591,light
2592,gamer
2593,ai_heavy
2594,light
2595,gamer
2596,heavy_streamer
2597,ai_heavy
2598,netflix_heavy
2599,general
2600,gamer
2601,youtube_family
2602,tiktok_instagram
2603,netflix_heavy
2604,ai_heavy
2605,netflix_heavy
2606,netflix_heavy
2607,ai_heavy
2608,tiktok_instagram
2609,ai_heavy
2610,youtube_family
2611,general
2612,general
2613,heavy_streamer
2614,ai_heavy
2615,heavy_streamer
2616,whatsapp_heavy
2617,general
2618,light
2619,whatsapp_heavy
2620,general
2621,youtube_family
2622,gamer
2623,heavy_streamer
2624,general
2625,general
2626,ai_heavy
2627,general
2628,light
2629,whatsapp_heavy
2630,light
2631,general
2632,whatsapp_heavy
2633,general
2634,ai_heavy
2635,light
2636,light
2637,gamer
2638,netflix_heavy
2639,heavy_streamer
2640,youtube_family
2641,tiktok_instagram
2642,remote_worker
2643,tiktok_instagram
2644,remote_worker
2645,remote_worker
2646,light
2647,ai_heavy
2648,netflix_heavy
2649,general
2650,gamer
2651,youtube_family
2652,youtube_family
2653,general
2654,gamer
2655,youtube_family
2656,ai_heavy
2657,light
2658,tiktok_instagram
2659,whatsapp_heavy
2660,heavy_streamer
2661,remote_worker
2662,netflix_heavy
2663,heavy_streamer
2664,remote_worker
2665,tiktok_instagram
2666,ai_heavy
2667,tiktok_instagram
2668,general
2669,light
2670,general
2671,netflix_heavy
2672,youtube_family
2673,youtube_family
2674,heavy_streamer
2675,general
2676,ai_heavy
2677,general
2678,youtube_family
2679,ai_heavy
2680,gamer
2681,heavy_streamer
2682,heavy_streamer
2683,gamer
2684,youtube_family
2685,ai_heavy
2686,remote_worker
2687,tiktok_instagram
2688,ai_heavy
2689,whatsapp_heavy
2690,general
2691,netflix_heavy
2692,whatsapp_heavy
2693,general
2694,remote_worker
2695,general
2696,gamer
2697,heavy_streamer
2698,remote_worker
2699,heavy_streamer
2700,heavy_streamer
2701,youtube_family
2702,netflix_heavy
2703,tiktok_instagram
2704,youtube_family
2705,light
2706,tiktok_instagram
2707,netflix_heavy
2708,gamer
2709,netflix_heavy
2710,youtube_family
2711,light
2712,light
2713,general
2714,ai_heavy
2715,ai_heavy
2716,remote_worker
2717,remote_worker
2718,whatsapp_heavy
2719,ai_heavy
2720,heavy_streamer
2721,whatsapp_heavy
2722,whatsapp_heavy
2723,heavy_streamer
2724,gamer
2725,netflix_heavy
2726,whatsapp_heavy
2727,heavy_streamer
2728,light
2729,ai_heavy
2730,remote_worker
2731,general
2732,ai_heavy
2733,general
2734,tiktok_instagram
2735,remote_worker
2736,heavy_streamer
2737,ai_heavy
2738,heavy_streamer
2739,remote_worker
2740,gamer
2741,heavy_streamer
2742,light
2743,ai_heavy
2744,general
2745,heavy_streamer
2746,remote_worker
2747,tiktok_instagram
2748,youtube_family
2749,remote_worker
2750,general
2751,tiktok_instagram
2752,light
2753,ai_heavy
2754,whatsapp_heavy
2755,general
2756,youtube_family
2757,youtube_family
2758,whatsapp_heavy
2759,gamer
2760,remote_worker
2761,heavy_streamer
2762,remote_worker
2763,gamer
2764,light
2765,tiktok_instagram
2766,ai_heavy
2767,gamer
2768,general
2769,remote_worker
2770,general
2771,whatsapp_heavy
2772,light
2773,tiktok_instagram
2774,netflix_heavy
2775,ai_heavy
2776,gamer
2777,ai_heavy
2778,general
2779,gamer
2780,light
2781,gamer
2782,general
2783,netflix_heavy
2784,youtube_family
2785,general
2786,heavy_streamer
2787,tiktok_instagram
2788,light
2789,light
2790,youtube_family
2791,general
2792,heavy_streamer
2793,netflix_heavy
2794,ai_heavy
2795,light
2796,general
2797,youtube_family
2798,ai_heavy
2799,netflix_heavy
2800,gamer
2801,netflix_heavy
2802,remote_worker
2803,general
2804,light
2805,heavy_streamer
2806,general
2807,tiktok_instagram
2808,gamer
2809,netflix_heavy
2810,heavy_streamer
2811,ai_heavy
2812,tiktok_instagram
2813,heavy_streamer
2814,general
2815,heavy_streamer
2816,light
2817,whatsapp_heavy
2818,youtube_family
2819,heavy_streamer
2820,netflix_heavy
2821,ai_heavy
2822,youtube_family
2823,heavy_streamer
2824,general
2825,whatsapp_heavy
2826,youtube_family
2827,gamer
2828,general
2829,whatsapp_heavy
2830,heavy_streamer
2831,general
2832,netflix_heavy
2833,gamer
2834,ai_heavy
2835,gamer
2836,ai_heavy
2837,general
2838,youtube_family
2839,tiktok_instagram
2840,general
2841,remote_worker
2842,netflix_heavy
2843,netflix_heavy
2844,remote_worker
2845,remote_worker
2846,remote_worker
2847,youtube_family
2848,gamer
2849,tiktok_instagram
2850,gamer
2851,heavy_streamer
2852,gamer
2853,heavy_streamer
2854,light
2855,netflix_heavy
2856,light
2857,ai_heavy
2858,netflix_heavy
2859,netflix_heavy
2860,remote_worker
2861,heavy_streamer
2862,general
2863,youtube_family
2864,whatsapp_heavy
2865,light
2866,light
2867,gamer
2868,heavy_streamer
2869,youtube_family
2870,tiktok_instagram
2871,tiktok_instagram
2872,general
2873,youtube_family
2874,tiktok_instagram
2875,gamer
2876,ai_heavy
2877,whatsapp_heavy
2878,general
2879,youtube_family
2880,general
2881,light
2882,tiktok_instagram
2883,ai_heavy
2884,light
2885,gamer
2886,heavy_streamer
2887,general
2888,light
2889,heavy_streamer
2890,heavy_streamer
2891,heavy_streamer
2892,ai_heavy
2893,gamer
2894,general
2895,tiktok_instagram
2896,ai_heavy
2897,whatsapp_heavy
2898,whatsapp_heavy
2899,netflix_heavy
2900,tiktok_instagram
2901,ai_heavy
2902,youtube_family
2903,youtube_family
2904,whatsapp_heavy
2905,whatsapp_heavy
2906,youtube_family
2907,whatsapp_heavy
2908,general
2909,heavy_streamer
2910,gamer
2911,heavy_streamer
2912,light
2913,remote_worker
2914,tiktok_instagram
2915,remote_worker
2916,remote_worker
2917,whatsapp_heavy
2918,general
2919,youtube_family
2920,gamer
2921,gamer
2922,netflix_heavy
2923,heavy_streamer
2924,ai_heavy
2925,remote_worker
2926,heavy_streamer
2927,whatsapp_heavy
2928,gamer
2929,heavy_streamer
2930,whatsapp_heavy
2931,heavy_streamer
2932,whatsapp_heavy
2933,heavy_streamer
2934,remote_worker
2935,youtube_family
2936,tiktok_instagram
2937,netflix_heavy
2938,netflix_heavy
2939,general
2940,heavy_streamer
2941,netflix_heavy
2942,general
2943,netflix_heavy
2944,heavy_streamer
2945,youtube_family
2946,heavy_streamer
2947,ai_heavy
2948,remote_worker
2949,ai_heavy
2950,ai_heavy
2951,light
2952,ai_heavy
2953,general
2954,remote_worker
2955,tiktok_instagram
2956,general
2957,light
2958,remote_worker
2959,ai_heavy
2960,remote_worker
2961,general
2962,remote_worker
2963,general
2964,light
2965,netflix_heavy
2966,ai_heavy
2967,tiktok_instagram
2968,tiktok_instagram
2969,netflix_heavy
2970,whatsapp_heavy
2971,whatsapp_heavy
2972,light
2973,ai_heavy
2974,general
2975,light
2976,remote_worker
2977,remote_worker
2978,youtube_family
2979,tiktok_instagram
2980,remote_worker
2981,netflix_heavy
2982,light
2983,youtube_family
2984,youtube_family
2985,netflix_heavy
2986,whatsapp_heavy
2987,netflix_heavy
2988,netflix_heavy
2989,general
2990,remote_worker
2991,remote_worker
2992,whatsapp_heavy
2993,heavy_streamer
2994,youtube_family
2995,netflix_heavy
2996,whatsapp_heavy
2997,gamer
2998,gamer
2999,remote_worker
3000,whatsapp_heavy
3001,netflix_heavy
3002,whatsapp_heavy
3003,general
3004,general
3005,netflix_heavy
3006,gamer
3007,ai_heavy
3008,remote_worker
3009,whatsapp_heavy
3010,youtube_family
3011,gamer
3012,ai_heavy
3013,light
3014,netflix_heavy
3015,remote_worker
3016,remote_worker
3017,ai_heavy
3018,tiktok_instagram
3019,ai_heavy
3020,netflix_heavy
3021,gamer
3022,heavy_streamer
3023,gamer
3024,heavy_streamer
3025,gamer
3026,whatsapp_heavy
3027,heavy_streamer
3028,netflix_heavy
3029,tiktok_instagram
3030,youtube_family
3031,netflix_heavy
3032,tiktok_instagram
3033,ai_heavy
3034,heavy_streamer
3035,light
3036,general
3037,youtube_family
3038,heavy_streamer
3039,tiktok_instagram
3040,heavy_streamer
3041,gamer
3042,tiktok_instagram
3043,gamer
3044,ai_heavy
3045,heavy_streamer
3046,youtube_family
3047,netflix_heavy
3048,netflix_heavy
3049,heavy_streamer
3050,netflix_heavy
3051,youtube_family
3052,heavy_streamer
3053,netflix_heavy
3054,gamer
3055,netflix_heavy
3056,remote_worker
3057,youtube_family
3058,heavy_streamer
3059,gamer
3060,tiktok_instagram
3061,tiktok_instagram
3062,gamer
3063,gamer
3064,heavy_streamer
3065,netflix_heavy
3066,ai_heavy
3067,youtube_family
3068,netflix_heavy
3069,heavy_streamer
3070,light
3071,remote_worker
3072,remote_worker
3073,tiktok_instagram
3074,netflix_heavy
3075,ai_heavy
3076,netflix_heavy
3077,heavy_streamer
3078,youtube_family
3079,tiktok_instagram
3080,remote_worker
3081,remote_worker
3082,youtube_family
3083,tiktok_instagram
3084,tiktok_instagram
3085,gamer
3086,gamer
3087,heavy_streamer
3088,heavy_streamer
3089,tiktok_instagram
3090,remote_worker
3091,gamer
3092,gamer
3093,netflix_heavy
3094,tiktok_instagram
3095,general
3096,netflix_heavy
3097,heavy_streamer
3098,gamer
3099,heavy_streamer
3100,tiktok_instagram
3101,gamer
3102,heavy_streamer
3103,light
3104,remote_worker
3105,netflix_heavy
3106,gamer
3107,youtube_family
3108,gamer
3109,general
3110,tiktok_instagram
3111,ai_heavy
3112,netflix_heavy
3113,light
3114,general
3115,gamer
3116,remote_worker
3117,whatsapp_heavy
3118,whatsapp_heavy
3119,light
3120,youtube_family
3121,whatsapp_heavy
3122,general
3123,remote_worker
3124,whatsapp_heavy
3125,remote_worker
3126,youtube_family
3127,youtube_family
3128,general
3129,ai_heavy
3130,netflix_heavy
3131,gamer
3132,remote_worker
3133,netflix_heavy
3134,light
3135,netflix_heavy
3136,light
3137,ai_heavy
3138,remote_worker
3139,remote_worker
3140,remote_worker
3141,remote_worker
3142,remote_worker
3143,remote_worker
3144,ai_heavy
3145,netflix_heavy
3146,ai_heavy
3147,whatsapp_heavy
3148,youtube_family
3149,general
3150,heavy_streamer
3151,netflix_heavy
3152,tiktok_instagram
3153,heavy_streamer
3154,netflix_heavy
3155,light
3156,youtube_family
3157,netflix_heavy
3158,general
3159,whatsapp_heavy
3160,youtube_family
3161,heavy_streamer
3162,youtube_family
3163,heavy_streamer
3164,gamer
3165,heavy_streamer
3166,remote_worker
3167,netflix_heavy
3168,tiktok_instagram
3169,youtube_family
3170,whatsapp_heavy
3171,whatsapp_heavy
3172,general
3173,remote_worker
3174,gamer
3175,general
3176,ai_heavy
3177,whatsapp_heavy
3178,tiktok_instagram
3179,tiktok_instagram
3180,heavy_streamer
3181,tiktok_instagram
3182,heavy_streamer
3183,netflix_heavy
3184,light
3185,whatsapp_heavy
3186,general
3187,netflix_heavy
3188,remote_worker
3189,light
3190,youtube_family
3191,light
3192,whatsapp_heavy
3193,whatsapp_heavy
3194,heavy_streamer
3195,netflix_heavy
3196,heavy_streamer
3197,tiktok_instagram
3198,youtube_family
3199,general
3200,tiktok_instagram
3201,general
3202,general
3203,netflix_heavy
3204,heavy_streamer
3205,tiktok_instagram
3206,whatsapp_heavy
3207,general
3208,youtube_family
3209,remote_worker
3210,tiktok_instagram
3211,general
3212,tiktok_instagram
3213,gamer
3214,general
3215,ai_heavy
3216,tiktok_instagram
3217,light
3218,remote_worker
3219,general
3220,remote_worker
3221,whatsapp_heavy
3222,tiktok_instagram
3223,netflix_heavy
3224,netflix_heavy
3225,whatsapp_heavy
3226,netflix_heavy
3227,ai_heavy
3228,gamer
3229,netflix_heavy
3230,youtube_family
3231,youtube_family
3232,tiktok_instagram
3233,whatsapp_heavy
3234,light
3235,ai_heavy
3236,ai_heavy
3237,gamer
3238,general
3239,youtube_family
3240,light
3241,tiktok_instagram
3242,tiktok_instagram
3243,youtube_family
3244,ai_heavy
3245,netflix_heavy
3246,youtube_family
3247,netflix_heavy
3248,light
3249,heavy_streamer
3250,gamer
3251,gamer
3252,netflix_heavy
3253,heavy_streamer
3254,gamer
3255,tiktok_instagram
3256,heavy_streamer
3257,heavy_streamer
3258,heavy_streamer
3259,ai_heavy
3260,remote_worker
3261,remote_worker
3262,remote_worker
3263,netflix_heavy
3264,youtube_family
3265,ai_heavy
3266,whatsapp_heavy
3267,netflix_heavy
3268,whatsapp_heavy
3269,heavy_streamer
3270,general
3271,heavy_streamer
3272,remote_worker
3273,whatsapp_heavy
3274,remote_worker
3275,tiktok_instagram
3276,general
3277,light
3278,tiktok_instagram
3279,general
3280,netflix_heavy
3281,light
3282,netflix_heavy
3283,general
3284,light
3285,remote_worker
3286,remote_worker
3287,heavy_streamer
3288,tiktok_instagram
3289,heavy_streamer
3290,heavy_streamer
3291,remote_worker
3292,remote_worker
3293,tiktok_instagram
3294,tiktok_instagram
3295,heavy_streamer
3296,netflix_heavy
3297,tiktok_instagram
3298,general
3299,ai_heavy
3300,youtube_family
3301,whatsapp_heavy
3302,tiktok_instagram
3303,whatsapp_heavy
3304,tiktok_instagram
3305,heavy_streamer
3306,tiktok_instagram
3307,tiktok_instagram
3308,heavy_streamer
3309,light
3310,general
3311,ai_heavy
3312,remote_worker
3313,general
3314,tiktok_instagram
3315,remote_worker
3316,youtube_family
3317,whatsapp_heavy
3318,gamer
3319,tiktok_instagram
3320,light
3321,light
3322,heavy_streamer
3323,netflix_heavy
3324,whatsapp_heavy
3325,remote_worker
3326,netflix_heavy
3327,heavy_streamer
3328,tiktok_instagram
3329,gamer
3330,general
3331,whatsapp_heavy
3332,youtube_family
3333,tiktok_instagram
3334,youtube_family
3335,light
3336,tiktok_instagram
3337,ai_heavy
3338,light
3339,youtube_family
3340,youtube_family
3341,ai_heavy
3342,gamer
3343,light
3344,whatsapp_heavy
3345,ai_heavy
3346,netflix_heavy
3347,whatsapp_heavy
3348,heavy_streamer
3349,heavy_streamer
3350,netflix_heavy
3351,heavy_streamer
3352,general
3353,heavy_streamer
3354,netflix_heavy
3355,general
3356,remote_worker
3357,light
3358,youtube_family
3359,heavy_streamer
3360,ai_heavy
3361,general
3362,netflix_heavy
3363,light
3364,youtube_family
3365,heavy_streamer
3366,netflix_heavy
3367,whatsapp_heavy
3368,tiktok_instagram
3369,remote_worker
3370,heavy_streamer
3371,general
3372,tiktok_instagram
3373,gamer
3374,ai_heavy
3375,whatsapp_heavy
3376,ai_heavy
3377,ai_heavy
3378,ai_heavy
3379,youtube_family
3380,gamer
3381,youtube_family
3382,netflix_heavy
3383,general
3384,general
3385,netflix_heavy
3386,tiktok_instagram
3387,netflix_heavy
3388,netflix_heavy
3389,tiktok_instagram
3390,whatsapp_heavy
3391,tiktok_instagram
3392,ai_heavy
3393,netflix_heavy
3394,heavy_streamer
3395,gamer
3396,netflix_heavy
3397,remote_worker
3398,general
3399,light
3400,netflix_heavy
3401,youtube_family
3402,general
3403,heavy_streamer
3404,general
3405,gamer
3406,gamer
3407,gamer
3408,whatsapp_heavy
3409,whatsapp_heavy
3410,remote_worker
3411,light
3412,general
3413,tiktok_instagram
3414,light
3415,ai_heavy
3416,remote_worker
3417,whatsapp_heavy
3418,youtube_family
3419,light
3420,tiktok_instagram
3421,ai_heavy
3422,netflix_heavy
3423,whatsapp_heavy
3424,gamer
3425,whatsapp_heavy
3426,general
3427,remote_worker
3428,youtube_family
3429,netflix_heavy
3430,gamer
3431,tiktok_instagram
3432,netflix_heavy
3433,tiktok_instagram
3434,gamer
3435,tiktok_instagram
3436,whatsapp_heavy
3437,tiktok_instagram
3438,whatsapp_heavy
3439,general
3440,youtube_family
3441,general
3442,light
3443,remote_worker
3444,tiktok_instagram
3445,general
3446,netflix_heavy
3447,gamer
3448,ai_heavy
3449,whatsapp_heavy
3450,remote_worker
3451,remote_worker
3452,light
3453,remote_worker
3454,gamer
3455,youtube_family
3456,youtube_family
3457,netflix_heavy
3458,light
3459,youtube_family
3460,gamer
3461,remote_worker
3462,general
3463,youtube_family
3464,light
3465,gamer
3466,netflix_heavy
3467,ai_heavy
3468,tiktok_instagram
3469,ai_heavy
3470,youtube_family
3471,tiktok_instagram
3472,netflix_heavy
3473,netflix_heavy
3474,youtube_family
3475,tiktok_instagram
3476,tiktok_instagram
3477,ai_heavy
3478,ai_heavy
3479,remote_worker
3480,netflix_heavy
3481,netflix_heavy
3482,tiktok_instagram
3483,netflix_heavy
3484,tiktok_instagram
3485,remote_worker
3486,light
3487,gamer
3488,general
3489,remote_worker
3490,netflix_heavy
3491,heavy_streamer
3492,whatsapp_heavy
3493,gamer
3494,netflix_heavy
3495,general
3496,ai_heavy
3497,heavy_streamer
3498,remote_worker
3499,heavy_streamer
3500,remote_worker
3501,light
3502,whatsapp_heavy
3503,gamer
3504,tiktok_instagram
3505,light
3506,youtube_family
3507,youtube_family
3508,youtube_family
3509,light
3510,gamer
3511,general
3512,ai_heavy
3513,heavy_streamer
3514,heavy_streamer
3515,tiktok_instagram
3516,general
3517,heavy_streamer
3518,general
3519,whatsapp_heavy
3520,general
3521,youtube_family
3522,gamer
3523,youtube_family
3524,heavy_streamer
3525,tiktok_instagram
3526,tiktok_instagram
3527,heavy_streamer
3528,light
3529,heavy_streamer
3530,heavy_streamer
3531,gamer
3532,light
3533,light
3534,general
3535,light
3536,light
3537,light
3538,heavy_streamer
3539,ai_heavy
3540,youtube_family
3541,netflix_heavy
3542,ai_heavy
3543,light
3544,netflix_heavy
3545,light
3546,whatsapp_heavy
3547,remote_worker
3548,youtube_family
3549,gamer
3550,whatsapp_heavy
3551,remote_worker
3552,ai_heavy
3553,general
3554,netflix_heavy
3555,remote_worker
3556,remote_worker
3557,netflix_heavy
3558,gamer
3559,heavy_streamer
3560,remote_worker
3561,light
3562,heavy_streamer
3563,remote_worker
3564,netflix_heavy
3565,netflix_heavy
3566,tiktok_instagram
3567,remote_worker
3568,heavy_streamer
3569,netflix_heavy
3570,tiktok_instagram
3571,netflix_heavy
3572,youtube_family
3573,whatsapp_heavy
3574,gamer
3575,general
3576,whatsapp_heavy
3577,whatsapp_heavy
3578,youtube_family
3579,youtube_family
3580,light
3581,youtube_family
3582,netflix_heavy
3583,tiktok_instagram
3584,gamer
3585,netflix_heavy
3586,tiktok_instagram
3587,remote_worker
3588,whatsapp_heavy
3589,whatsapp_heavy
3590,general
3591,heavy_streamer
3592,tiktok_instagram
3593,general
3594,ai_heavy
3595,tiktok_instagram
3596,tiktok_instagram
3597,gamer
3598,ai_heavy
3599,tiktok_instagram
3600,whatsapp_heavy
3601,remote_worker
3602,whatsapp_heavy
3603,heavy_streamer
3604,whatsapp_heavy
3605,general
3606,heavy_streamer
3607,gamer
3608,whatsapp_heavy
3609,whatsapp_heavy
3610,whatsapp_heavy
3611,ai_heavy
3612,whatsapp_heavy
3613,whatsapp_heavy
3614,light
3615,netflix_heavy
3616,remote_worker
3617,light
3618,remote_worker
3619,remote_worker
3620,light
3621,general
3622,tiktok_instagram
3623,gamer
3624,remote_worker
3625,youtube_family
3626,netflix_heavy
3627,netflix_heavy
3628,tiktok_instagram
3629,youtube_family
3630,youtube_family
3631,remote_worker
3632,ai_heavy
3633,light
3634,netflix_heavy
3635,general
3636,remote_worker
3637,ai_heavy
3638,remote_worker
3639,light
3640,whatsapp_heavy
3641,netflix_heavy
3642,general
3643,general
3644,remote_worker
3645,general
3646,ai_heavy
3647,whatsapp_heavy
3648,whatsapp_heavy
3649,general
3650,netflix_heavy
3651,heavy_streamer
3652,light
3653,remote_worker
3654,ai_heavy
3655,whatsapp_heavy
3656,remote_worker
3657,ai_heavy
3658,general
3659,gamer
3660,remote_worker
3661,ai_heavy
3662,remote_worker
3663,general
3664,general
3665,ai_heavy
3666,remote_worker
3667,ai_heavy
3668,heavy_streamer
3669,remote_worker
3670,tiktok_instagram
3671,heavy_streamer
3672,light
3673,ai_heavy
3674,light
3675,whatsapp_heavy
3676,remote_worker
3677,gamer
3678,netflix_heavy
3679,ai_heavy
3680,netflix_heavy
3681,netflix_heavy
3682,light
3683,tiktok_instagram
3684,ai_heavy
3685,general
3686,heavy_streamer
3687,heavy_streamer
3688,general
3689,general
3690,heavy_streamer
3691,remote_worker
3692,whatsapp_heavy
3693,heavy_streamer
3694,gamer
3695,gamer
3696,whatsapp_heavy
3697,gamer
3698,remote_worker
3699,tiktok_instagram
3700,netflix_heavy
3701,heavy_streamer
3702,tiktok_instagram
3703,tiktok_instagram
3704,general
3705,general
3706,ai_heavy
3707,heavy_streamer
3708,netflix_heavy
3709,remote_worker
3710,youtube_family
3711,gamer
3712,general
3713,youtube_family
3714,tiktok_instagram
3715,netflix_heavy
3716,tiktok_instagram
3717,gamer
3718,tiktok_instagram
3719,whatsapp_heavy
3720,tiktok_instagram
3721,whatsapp_heavy
3722,ai_heavy
3723,netflix_heavy
3724,general
3725,light
3726,general
3727,heavy_streamer
3728,ai_heavy
3729,gamer
3730,whatsapp_heavy
3731,netflix_heavy
3732,youtube_family
3733,remote_worker
3734,general
3735,gamer
3736,tiktok_instagram
3737,gamer
3738,ai_heavy
3739,whatsapp_heavy
3740,youtube_family
3741,tiktok_instagram
3742,gamer
3743,general
3744,remote_worker
3745,tiktok_instagram
3746,general
3747,remote_worker
3748,general
3749,general
3750,general
3751,ai_heavy
3752,netflix_heavy
3753,general
3754,tiktok_instagram
3755,light
3756,gamer
3757,whatsapp_heavy
3758,ai_heavy
3759,light
3760,ai_heavy
3761,heavy_streamer
3762,ai_heavy
3763,ai_heavy
3764,whatsapp_heavy
3765,remote_worker
3766,remote_worker
3767,whatsapp_heavy
3768,netflix_heavy
3769,youtube_family
3770,gamer
3771,remote_worker
3772,gamer
3773,ai_heavy
3774,heavy_streamer
3775,remote_worker
3776,heavy_streamer
3777,ai_heavy
3778,youtube_family
3779,general
3780,remote_worker
3781,light
3782,tiktok_instagram
3783,heavy_streamer
3784,netflix_heavy
3785,general
3786,ai_heavy
3787,heavy_streamer
3788,light
3789,general
3790,gamer
3791,heavy_streamer
3792,heavy_streamer
3793,tiktok_instagram
3794,whatsapp_heavy
3795,youtube_family
3796,tiktok_instagram
3797,whatsapp_heavy
3798,light
3799,light
3800,light
3801,general
3802,ai_heavy
3803,youtube_family
3804,light
3805,light
3806,youtube_family
3807,heavy_streamer
3808,heavy_streamer
3809,ai_heavy
3810,whatsapp_heavy
3811,tiktok_instagram
3812,remote_worker
3813,whatsapp_heavy
3814,remote_worker
3815,gamer
3816,light
3817,remote_worker
3818,youtube_family
3819,whatsapp_heavy
3820,youtube_family
3821,heavy_streamer
3822,light
3823,ai_heavy
3824,heavy_streamer
3825,ai_heavy
3826,general
3827,gamer
3828,ai_heavy
3829,whatsapp_heavy
3830,heavy_streamer
3831,youtube_family
3832,tiktok_instagram
3833,youtube_family
3834,whatsapp_heavy
3835,heavy_streamer
3836,netflix_heavy
3837,heavy_streamer
3838,ai_heavy
3839,general
3840,general
3841,youtube_family
3842,remote_worker
3843,ai_heavy
3844,gamer
3845,general
3846,remote_worker
3847,netflix_heavy
3848,gamer
3849,netflix_heavy
3850,tiktok_instagram
3851,netflix_heavy
3852,light
3853,heavy_streamer
3854,gamer
3855,remote_worker
3856,netflix_heavy
3857,gamer
3858,light
3859,gamer
3860,remote_worker
3861,ai_heavy
3862,whatsapp_heavy
3863,tiktok_instagram
3864,whatsapp_heavy
3865,whatsapp_heavy
3866,netflix_heavy
3867,ai_heavy
3868,youtube_family
3869,tiktok_instagram
3870,netflix_heavy
3871,light
3872,heavy_streamer
3873,youtube_family
3874,remote_worker
3875,whatsapp_heavy
3876,whatsapp_heavy
3877,whatsapp_heavy
3878,tiktok_instagram
3879,heavy_streamer
3880,light
3881,youtube_family
3882,tiktok_instagram
3883,ai_heavy
3884,remote_worker
3885,heavy_streamer
3886,remote_worker
3887,light
3888,heavy_streamer
3889,heavy_streamer
3890,youtube_family
3891,ai_heavy
3892,general
3893,remote_worker
3894,tiktok_instagram
3895,whatsapp_heavy
3896,general
3897,ai_heavy
3898,light
3899,gamer
3900,general
3901,ai_heavy
3902,general
3903,ai_heavy
3904,light
3905,youtube_family
3906,netflix_heavy
3907,netflix_heavy
3908,general
3909,heavy_streamer
3910,general
3911,tiktok_instagram
3912,general
3913,heavy_streamer
3914,ai_heavy
3915,netflix_heavy
3916,light
3917,light
3918,youtube_family
3919,light
3920,whatsapp_heavy
3921,general
3922,whatsapp_heavy
3923,remote_worker
3924,remote_worker
3925,whatsapp_heavy
3926,ai_heavy
3927,ai_heavy
3928,heavy_streamer
3929,whatsapp_heavy
3930,netflix_heavy
3931,netflix_heavy
3932,light
3933,netflix_heavy
3934,netflix_heavy
3935,heavy_streamer
3936,youtube_family
3937,ai_heavy
3938,remote_worker
3939,netflix_heavy
3940,ai_heavy
3941,ai_heavy
3942,gamer
3943,general
3944,general
3945,heavy_streamer
3946,netflix_heavy
3947,light
3948,gamer
3949,general
3950,heavy_streamer
3951,gamer
3952,tiktok_instagram
3953,netflix_heavy
3954,remote_worker
3955,ai_heavy
3956,general
3957,ai_heavy
3958,netflix_heavy
3959,light
3960,tiktok_instagram
3961,general
3962,youtube_family
3963,whatsapp_heavy
3964,gamer
3965,heavy_streamer
3966,youtube_family
3967,netflix_heavy
3968,tiktok_instagram
3969,ai_heavy
3970,whatsapp_heavy
3971,remote_worker
3972,general
3973,heavy_streamer
3974,tiktok_instagram
3975,light
3976,whatsapp_heavy
3977,whatsapp_heavy
3978,general
3979,ai_heavy
3980,heavy_streamer
3981,remote_worker
3982,light
3983,whatsapp_heavy
3984,whatsapp_heavy
3985,youtube_family
3986,gamer
3987,gamer
3988,light
3989,remote_worker
3990,remote_worker
3991,netflix_heavy
3992,netflix_heavy
3993,heavy_streamer
3994,tiktok_instagram
3995,ai_heavy
3996,gamer
3997,light
3998,youtube_family
3999,netflix_heavy
4000,ai_heavy
4001,gamer
4002,youtube_family
4003,light
4004,remote_worker
4005,youtube_family
4006,general
4007,tiktok_instagram
4008,whatsapp_heavy
4009,heavy_streamer
4010,heavy_streamer
4011,gamer
4012,youtube_family
4013,whatsapp_heavy
4014,remote_worker
4015,tiktok_instagram
4016,heavy_streamer
4017,tiktok_instagram
4018,heavy_streamer
4019,heavy_streamer
4020,whatsapp_heavy
4021,heavy_streamer
4022,light
4023,ai_heavy
4024,tiktok_instagram
4025,remote_worker
4026,heavy_streamer
4027,tiktok_instagram
4028,remote_worker
4029,whatsapp_heavy
4030,remote_worker
4031,ai_heavy
4032,ai_heavy
4033,tiktok_instagram
4034,tiktok_instagram
4035,remote_worker
4036,light
4037,whatsapp_heavy
4038,whatsapp_heavy
4039,gamer
4040,gamer
4041,gamer
4042,whatsapp_heavy
4043,netflix_heavy
4044,heavy_streamer
4045,remote_worker
4046,light
4047,remote_worker
4048,tiktok_instagram
4049,gamer
4050,remote_worker
4051,gamer
4052,gamer
4053,netflix_heavy
4054,youtube_family
4055,light
4056,gamer
4057,youtube_family
4058,ai_heavy
4059,tiktok_instagram
4060,ai_heavy
4061,heavy_streamer
4062,light
4063,whatsapp_heavy
4064,ai_heavy
4065,netflix_heavy
4066,gamer
4067,youtube_family
4068,remote_worker
4069,netflix_heavy
4070,heavy_streamer
4071,light
4072,netflix_heavy
4073,youtube_family
4074,general
4075,gamer
4076,light
4077,general
4078,whatsapp_heavy
4079,tiktok_instagram
4080,netflix_heavy
4081,general
4082,tiktok_instagram
4083,netflix_heavy
4084,netflix_heavy
4085,ai_heavy
4086,whatsapp_heavy
4087,tiktok_instagram
4088,general
4089,general
4090,general
4091,netflix_heavy
4092,light
4093,gamer
4094,remote_worker
4095,general
4096,ai_heavy
4097,ai_heavy
4098,heavy_streamer
4099,netflix_heavy
4100,gamer
4101,light
4102,general
4103,heavy_streamer
4104,light
4105,light
4106,remote_worker
4107,heavy_streamer
4108,youtube_family
4109,ai_heavy
4110,gamer
4111,light
4112,remote_worker
4113,heavy_streamer
4114,general
4115,tiktok_instagram
4116,remote_worker
4117,light
4118,heavy_streamer
4119,tiktok_instagram
4120,light
4121,netflix_heavy
4122,general
4123,general
4124,tiktok_instagram
4125,netflix_heavy
4126,ai_heavy
4127,light
4128,light
4129,ai_heavy
4130,remote_worker
4131,light
4132,general
4133,netflix_heavy
4134,ai_heavy
4135,general
4136,general
4137,general
4138,tiktok_instagram
4139,youtube_family
4140,ai_heavy
4141,netflix_heavy
4142,youtube_family
4143,heavy_streamer
4144,remote_worker
4145,heavy_streamer
4146,tiktok_instagram
4147,remote_worker
4148,youtube_family
4149,youtube_family
4150,gamer
4151,gamer
4152,ai_heavy
4153,general
4154,general
4155,tiktok_instagram
4156,heavy_streamer
4157,netflix_heavy
4158,gamer
4159,heavy_streamer
4160,light
4161,remote_worker
4162,gamer
4163,ai_heavy
4164,tiktok_instagram
4165,netflix_heavy
4166,whatsapp_heavy
4167,remote_worker
4168,heavy_streamer
4169,ai_heavy
4170,whatsapp_heavy
4171,gamer
4172,tiktok_instagram
4173,ai_heavy
4174,gamer
4175,remote_worker
4176,gamer
4177,gamer
4178,netflix_heavy
4179,remote_worker
4180,remote_worker
4181,whatsapp_heavy
4182,gamer
4183,heavy_streamer
4184,youtube_family
4185,light
4186,ai_heavy
4187,tiktok_instagram
4188,tiktok_instagram
4189,light
4190,general
4191,remote_worker
4192,gamer
4193,netflix_heavy
4194,light
4195,ai_heavy
4196,remote_worker
4197,ai_heavy
4198,heavy_streamer
4199,general
4200,tiktok_instagram
4201,whatsapp_heavy
4202,netflix_heavy
4203,gamer
4204,heavy_streamer
4205,tiktok_instagram
4206,youtube_family
4207,general
4208,general
4209,tiktok_instagram
4210,whatsapp_heavy
4211,heavy_streamer
4212,netflix_heavy
4213,remote_worker
4214,netflix_heavy
4215,whatsapp_heavy
4216,general
4217,remote_worker
4218,gamer
4219,ai_heavy
4220,heavy_streamer
4221,heavy_streamer
4222,ai_heavy
4223,youtube_family
4224,ai_heavy
4225,netflix_heavy
4226,heavy_streamer
4227,remote_worker
4228,whatsapp_heavy
4229,gamer
4230,light
4231,light
4232,general
4233,whatsapp_heavy
4234,tiktok_instagram
4235,tiktok_instagram
4236,light
4237,general
4238,heavy_streamer
4239,netflix_heavy
4240,tiktok_instagram
4241,gamer
4242,tiktok_instagram
4243,youtube_family
4244,light
4245,gamer
4246,tiktok_instagram
4247,tiktok_instagram
4248,heavy_streamer
4249,general
4250,gamer
4251,remote_worker
4252,gamer
4253,general
4254,gamer
4255,gamer
4256,gamer
4257,gamer
4258,light
4259,whatsapp_heavy
4260,light
4261,tiktok_instagram
4262,tiktok_instagram
4263,tiktok_instagram
4264,netflix_heavy
4265,ai_heavy
4266,general
4267,gamer
4268,general
4269,light
4270,ai_heavy
4271,netflix_heavy
4272,ai_heavy
4273,general
4274,gamer
4275,light
4276,netflix_heavy
4277,light
4278,netflix_heavy
4279,netflix_heavy
4280,youtube_family
4281,remote_worker
4282,youtube_family
4283,heavy_streamer
4284,remote_worker
4285,heavy_streamer
4286,netflix_heavy
4287,netflix_heavy
4288,youtube_family
4289,netflix_heavy
4290,gamer
4291,light
4292,general
4293,remote_worker
4294,light
4295,general
4296,general
4297,remote_worker
4298,netflix_heavy
4299,light
4300,light
4301,tiktok_instagram
4302,whatsapp_heavy
4303,heavy_streamer
4304,light
4305,whatsapp_heavy
4306,netflix_heavy
4307,netflix_heavy
4308,netflix_heavy
4309,youtube_family
4310,whatsapp_heavy
4311,ai_heavy
4312,youtube_family
4313,gamer
4314,light
4315,netflix_heavy
4316,tiktok_instagram
4317,general
4318,remote_worker
4319,youtube_family
4320,light
4321,whatsapp_heavy
4322,remote_worker
4323,remote_worker
4324,tiktok_instagram
4325,general
4326,gamer
4327,youtube_family
4328,remote_worker
4329,light
4330,youtube_family
4331,heavy_streamer
4332,tiktok_instagram
4333,youtube_family
4334,youtube_family
4335,general
4336,remote_worker
4337,netflix_heavy
4338,gamer
4339,netflix_heavy
4340,ai_heavy
4341,light
4342,remote_worker
4343,remote_worker
4344,tiktok_instagram
4345,gamer
4346,ai_heavy
4347,light
4348,heavy_streamer
4349,netflix_heavy
4350,gamer
4351,whatsapp_heavy
4352,ai_heavy
4353,ai_heavy
4354,remote_worker
4355,remote_worker
4356,youtube_family
4357,general
4358,tiktok_instagram
4359,whatsapp_heavy
4360,general
4361,light
4362,netflix_heavy
4363,remote_worker
4364,general
4365,ai_heavy
4366,youtube_family
4367,heavy_streamer
4368,heavy_streamer
4369,general
4370,ai_heavy
4371,ai_heavy
4372,heavy_streamer
4373,tiktok_instagram
4374,youtube_family
4375,gamer
4376,ai_heavy
4377,gamer
4378,tiktok_instagram
4379,heavy_streamer
4380,general
4381,general
4382,heavy_streamer
4383,gamer
4384,ai_heavy
4385,gamer
4386,netflix_heavy
4387,tiktok_instagram
4388,light
4389,gamer
4390,ai_heavy
4391,heavy_streamer
4392,youtube_family
4393,light
4394,light
4395,ai_heavy
4396,ai_heavy
4397,tiktok_instagram
4398,tiktok_instagram
4399,light
4400,whatsapp_heavy
4401,gamer
4402,heavy_streamer
4403,gamer
4404,general
4405,tiktok_instagram
4406,youtube_family
4407,tiktok_instagram
4408,heavy_streamer
4409,tiktok_instagram
4410,gamer
4411,heavy_streamer
4412,ai_heavy
4413,gamer
4414,netflix_heavy
4415,remote_worker
4416,remote_worker
4417,remote_worker
4418,heavy_streamer
4419,netflix_heavy
4420,heavy_streamer
4421,netflix_heavy
4422,general
4423,netflix_heavy
4424,remote_worker
4425,gamer
4426,youtube_family
4427,tiktok_instagram
4428,remote_worker
4429,netflix_heavy
4430,general
4431,general
4432,light
4433,youtube_family
4434,heavy_streamer
4435,ai_heavy
4436,general
4437,whatsapp_heavy
4438,general
4439,gamer
4440,gamer
4441,gamer
4442,gamer
4443,whatsapp_heavy
4444,remote_worker
4445,netflix_heavy
4446,remote_worker
4447,gamer
4448,heavy_streamer
4449,ai_heavy
4450,youtube_family
4451,youtube_family
4452,tiktok_instagram
4453,remote_worker
4454,netflix_heavy
4455,whatsapp_heavy
4456,light
4457,ai_heavy
4458,light
4459,heavy_streamer
4460,whatsapp_heavy
4461,heavy_streamer
4462,gamer
4463,ai_heavy
4464,whatsapp_heavy
4465,remote_worker
4466,light
4467,netflix_heavy
4468,general
4469,youtube_family
4470,netflix_heavy
4471,remote_worker
4472,youtube_family
4473,remote_worker
4474,heavy_streamer
4475,youtube_family
4476,gamer
4477,general
4478,gamer
4479,youtube_family
4480,ai_heavy
4481,remote_worker
4482,tiktok_instagram
4483,youtube_family
4484,light
4485,remote_worker
4486,gamer
4487,ai_heavy
4488,tiktok_instagram
4489,whatsapp_heavy
4490,gamer
4491,heavy_streamer
4492,heavy_streamer
4493,whatsapp_heavy
4494,tiktok_instagram
4495,gamer
4496,whatsapp_heavy
4497,gamer
4498,gamer
4499,tiktok_instagram
4500,gamer
4501,whatsapp_heavy
4502,ai_heavy
4503,general
4504,netflix_heavy
4505,light
4506,gamer
4507,tiktok_instagram
4508,ai_heavy
4509,tiktok_instagram
4510,general
4511,tiktok_instagram
4512,ai_heavy
4513,heavy_streamer
4514,general
4515,general
4516,netflix_heavy
4517,gamer
4518,light
4519,netflix_heavy
4520,remote_worker
4521,general
4522,whatsapp_heavy
4523,ai_heavy
4524,general
4525,youtube_family
4526,remote_worker
4527,light
4528,light
4529,remote_worker
4530,ai_heavy
4531,light
4532,heavy_streamer
4533,netflix_heavy
4534,netflix_heavy
4535,light
4536,ai_heavy
4537,light
4538,netflix_heavy
4539,youtube_family
4540,youtube_family
4541,ai_heavy
4542,whatsapp_heavy
4543,general
4544,whatsapp_heavy
4545,remote_worker
4546,netflix_heavy
4547,ai_heavy
4548,youtube_family
4549,ai_heavy
4550,youtube_family
4551,light
4552,light
4553,light
4554,ai_heavy
4555,netflix_heavy
4556,tiktok_instagram
4557,heavy_streamer
4558,youtube_family
4559,netflix_heavy
4560,whatsapp_heavy
4561,remote_worker
4562,remote_worker
4563,light
4564,heavy_streamer
4565,youtube_family
4566,gamer
4567,netflix_heavy
4568,netflix_heavy
4569,gamer
4570,tiktok_instagram
4571,whatsapp_heavy
4572,light
4573,remote_worker
4574,youtube_family
4575,netflix_heavy
4576,netflix_heavy
4577,light
4578,heavy_streamer
4579,tiktok_instagram
4580,tiktok_instagram
4581,heavy_streamer
4582,general
4583,heavy_streamer
4584,netflix_heavy
4585,ai_heavy
4586,whatsapp_heavy
4587,tiktok_instagram
4588,gamer
4589,whatsapp_heavy
4590,tiktok_instagram
4591,whatsapp_heavy
4592,light
4593,light
4594,netflix_heavy
4595,whatsapp_heavy
4596,light
4597,youtube_family
4598,light
4599,general
4600,netflix_heavy
4601,general
4602,general
4603,gamer
4604,netflix_heavy
4605,tiktok_instagram
4606,remote_worker
4607,tiktok_instagram
4608,remote_worker
4609,youtube_family
4610,remote_worker
4611,light
4612,gamer
4613,netflix_heavy
4614,ai_heavy
4615,ai_heavy
4616,remote_worker
4617,tiktok_instagram
4618,ai_heavy
4619,whatsapp_heavy
4620,youtube_family
4621,whatsapp_heavy
4622,general
4623,youtube_family
4624,light
4625,gamer
4626,gamer
4627,light
4628,heavy_streamer
4629,netflix_heavy
4630,gamer
4631,heavy_streamer
4632,tiktok_instagram
4633,tiktok_instagram
4634,heavy_streamer
4635,heavy_streamer
4636,netflix_heavy
4637,youtube_family
4638,remote_worker
4639,whatsapp_heavy
4640,general
4641,youtube_family
4642,light
4643,general
4644,light
4645,light
4646,remote_worker
4647,netflix_heavy
4648,light
4649,tiktok_instagram
4650,tiktok_instagram
4651,gamer
4652,general
4653,gamer
4654,tiktok_instagram
4655,heavy_streamer
4656,heavy_streamer
4657,heavy_streamer
4658,ai_heavy
4659,remote_worker
4660,remote_worker
4661,youtube_family
4662,ai_heavy
4663,heavy_streamer
4664,gamer
4665,gamer
4666,youtube_family
4667,gamer
4668,heavy_streamer
4669,netflix_heavy
4670,remote_worker
4671,light
4672,whatsapp_heavy
4673,tiktok_instagram
4674,youtube_family
4675,youtube_family
4676,gamer
4677,ai_heavy
4678,ai_heavy
4679,whatsapp_heavy
4680,light
4681,gamer
4682,heavy_streamer
4683,whatsapp_heavy
4684,light
4685,ai_heavy
4686,netflix_heavy
4687,general
4688,tiktok_instagram
4689,light
4690,netflix_heavy
4691,light
4692,light
4693,general
4694,youtube_family
4695,netflix_heavy
4696,youtube_family
4697,light
4698,light
4699,gamer
4700,light
4701,youtube_family
4702,light
4703,ai_heavy
4704,youtube_family
4705,netflix_heavy
4706,tiktok_instagram
4707,remote_worker
4708,ai_heavy
4709,netflix_heavy
4710,remote_worker
4711,tiktok_instagram
4712,netflix_heavy
4713,youtube_family
4714,remote_worker
4715,light
4716,ai_heavy
4717,youtube_family
4718,general
4719,remote_worker
4720,heavy_streamer
4721,ai_heavy
4722,youtube_family
4723,general
4724,light
4725,tiktok_instagram
4726,remote_worker
4727,light
4728,youtube_family
4729,heavy_streamer
4730,whatsapp_heavy
4731,general
4732,whatsapp_heavy
4733,netflix_heavy
4734,tiktok_instagram
4735,youtube_family
4736,remote_worker
4737,light
4738,gamer
4739,gamer
4740,ai_heavy
4741,tiktok_instagram
4742,remote_worker
4743,remote_worker
4744,gamer
4745,whatsapp_heavy
4746,gamer
4747,netflix_heavy
4748,tiktok_instagram
4749,youtube_family
4750,gamer
4751,light
4752,heavy_streamer
4753,youtube_family
4754,youtube_family
4755,tiktok_instagram
4756,whatsapp_heavy
4757,ai_heavy
4758,heavy_streamer
4759,remote_worker
4760,whatsapp_heavy
4761,general
4762,youtube_family
4763,light
4764,tiktok_instagram
4765,remote_worker
4766,heavy_streamer
4767,ai_heavy
4768,light
4769,heavy_streamer
4770,light
4771,tiktok_instagram
4772,netflix_heavy
4773,heavy_streamer
4774,general
4775,tiktok_instagram
4776,light
4777,gamer
4778,netflix_heavy
4779,heavy_streamer
4780,light
4781,youtube_family
4782,ai_heavy
4783,gamer
4784,netflix_heavy
4785,youtube_family
4786,gamer
4787,ai_heavy
4788,light
4789,gamer
4790,ai_heavy
4791,heavy_streamer
4792,general
4793,general
4794,tiktok_instagram
4795,gamer
4796,heavy_streamer
4797,ai_heavy
4798,heavy_streamer
4799,gamer
4800,ai_heavy
4801,whatsapp_heavy
4802,ai_heavy
4803,tiktok_instagram
4804,netflix_heavy
4805,whatsapp_heavy
4806,netflix_heavy
4807,remote_worker
4808,youtube_family
4809,gamer
4810,youtube_family
4811,tiktok_instagram
4812,tiktok_instagram
4813,ai_heavy
4814,ai_heavy
4815,netflix_heavy
4816,tiktok_instagram
4817,youtube_family
4818,gamer
4819,ai_heavy
4820,general
4821,ai_heavy
4822,whatsapp_heavy
4823,general
4824,general
4825,remote_worker
4826,remote_worker
4827,heavy_streamer
4828,ai_heavy
4829,general
4830,remote_worker
4831,gamer
4832,heavy_streamer
4833,gamer
4834,tiktok_instagram
4835,general
4836,ai_heavy
4837,heavy_streamer
4838,light
4839,youtube_family
4840,general
4841,netflix_heavy
4842,heavy_streamer
4843,light
4844,heavy_streamer
4845,netflix_heavy
4846,netflix_heavy
4847,youtube_family
4848,light
4849,heavy_streamer
4850,general
4851,general
4852,netflix_heavy
4853,heavy_streamer
4854,light
4855,light
4856,whatsapp_heavy
4857,youtube_family
4858,whatsapp_heavy
4859,tiktok_instagram
4860,netflix_heavy
4861,light
4862,youtube_family
4863,youtube_family
4864,netflix_heavy
4865,youtube_family
4866,ai_heavy
4867,remote_worker
4868,gamer
4869,general
4870,whatsapp_heavy
4871,heavy_streamer
4872,general
4873,light
4874,ai_heavy
4875,heavy_streamer
4876,whatsapp_heavy
4877,remote_worker
4878,remote_worker
4879,whatsapp_heavy
4880,netflix_heavy
4881,gamer
4882,general
4883,remote_worker
4884,heavy_streamer
4885,light
4886,tiktok_instagram
4887,whatsapp_heavy
4888,ai_heavy
4889,gamer
4890,remote_worker
4891,youtube_family
4892,ai_heavy
4893,light
4894,light
4895,remote_worker
4896,remote_worker
4897,youtube_family
4898,ai_heavy
4899,netflix_heavy
4900,ai_heavy
4901,gamer
4902,whatsapp_heavy
4903,whatsapp_heavy
4904,netflix_heavy
4905,heavy_streamer
4906,whatsapp_heavy
4907,tiktok_instagram
4908,netflix_heavy
4909,netflix_heavy
4910,whatsapp_heavy
4911,general
4912,ai_heavy
4913,light
4914,whatsapp_heavy
4915,netflix_heavy
4916,heavy_streamer
4917,heavy_streamer
4918,tiktok_instagram
4919,youtube_family
4920,ai_heavy
4921,general
4922,youtube_family
4923,ai_heavy
4924,whatsapp_heavy
4925,gamer
4926,light
4927,gamer
4928,ai_heavy
4929,heavy_streamer
4930,tiktok_instagram
4931,light
4932,netflix_heavy
4933,youtube_family
4934,youtube_family
4935,gamer
4936,ai_heavy
4937,general
4938,ai_heavy
4939,tiktok_instagram
4940,gamer
4941,netflix_heavy
4942,remote_worker
4943,youtube_family
4944,youtube_family
4945,light
4946,netflix_heavy
4947,gamer
4948,ai_heavy
4949,tiktok_instagram
4950,gamer
4951,gamer
4952,light
4953,netflix_heavy
4954,heavy_streamer
4955,gamer
4956,heavy_streamer
4957,heavy_streamer
4958,gamer
4959,general
4960,general
4961,gamer
4962,ai_heavy
4963,general
4964,tiktok_instagram
4965,general
4966,heavy_streamer
4967,tiktok_instagram
4968,gamer
4969,light
4970,youtube_family
4971,youtube_family
4972,gamer
4973,youtube_family
4974,netflix_heavy
4975,youtube_family
4976,youtube_family
4977,ai_heavy
4978,heavy_streamer
4979,general
4980,whatsapp_heavy
4981,general
4982,general
4983,heavy_streamer
4984,remote_worker
4985,heavy_streamer
4986,light
4987,general
4988,general
4989,general
4990,youtube_family
4991,whatsapp_heavy
4992,ai_heavy
4993,general
4994,ai_heavy
4995,whatsapp_heavy
4996,tiktok_instagram
4997,netflix_heavy
4998,youtube_family
4999,whatsapp_heavy
5000,remote_worker
